ime,ulica,mesto,posta,regija,koordinate,center,dolzina,trajanje,pot
CERO Puconci d.o.o.,Dolgovaške Gorice 166 B,Lendava,9220 Lendava,POMURSKA,46.5856029;16.45945913,0,210.08,114,TRŽAŠKA CESTA;1.18--PRIKLJUČEK BREZOVICA;0.6--A1;1.83--A2;3.8--RAZCEP KOSEZE;0.2--LJUBLJANSKA SEVERNA OBVOZNICA;9.72--RAZCEP ZADOBROVA;0.86--A1;121.57--A5;66.18--RAZCEP DOLGA VAS;0.93--DOLGA VAS;0.52--PRIKLJUČEK DOLGA VAS;0.21--DOLGA VAS;0.93--HETEŠ;0.26--GLAVNA ULICA;0.58--SLOVENSKA ULICA;0.15--DOLGOVAŠKE GORICE;0.56
CERO Puconci d.o.o.,Vaneča 81 B,Puconci,9201 Puconci,POMURSKA,46.71534204;16.16814877,0,194.53,108,TRŽAŠKA CESTA;1.18--PRIKLJUČEK BREZOVICA;0.6--A1;1.83--A2;3.8--RAZCEP KOSEZE;0.2--LJUBLJANSKA SEVERNA OBVOZNICA;9.72--RAZCEP ZADOBROVA;0.86--A1;121.57--A5;43.76--MURSKA SOBOTA;0.25--PRIKLJUČEK MURSKA SOBOTA;0.2--BAKOVCI;0.36--;0.46--BAKOVSKA ULICA;2.14--GREGORČIČEVA ULICA;0.13--CANKARJEVA ULICA;0.03--PANONSKA ULICA;0.24--INDUSTRIJSKA ULICA;0.99--LENDAVSKA ULICA;0.47--OBRTNA ULICA;0.01--NEMČAVCI;3.03--PUCONCI;0.3--SEBEBORCI;2.19--VANEČA;0.21
"Čisto Mesto Ptuj, d.o.o.",Kidričeva cesta 75,Kidričevo,4220 Škofja Loka,GORENJSKA,46.17317196;14.33993725,0,25.38,22,TRŽAŠKA CESTA;1.18--PRIKLJUČEK BREZOVICA;0.6--A1;1.83--A2;6.17--LJ. ŠENTVID;1.04--CELOVŠKA CESTA;1.09--LJUBLJANA;0.14--DVOR;0.02--LJUBLJANA;0.2--DVOR;0.25--STANEŽIČE;1.34--MEDNO;1.59--SENIČICA;0.12--GORENJSKA CESTA;3.36--SPODNJA SENICA;0.82--GORENJA VAS - RETEČE;0.24--PODREČA;0.26--GORENJA VAS - RETEČE;0.78--ZGORNJA SENICA;0.14--GORENJA VAS - RETEČE;0.86--RETEČE;1.01--GODEŠIČ;1.53--HAFNERJEVO NASELJE;0.28--KIDRIČEVA CESTA;0.52
Javne službe Ptuj,Dornavska cesta 26,Spuhlja,2250 Ptuj,PODRAVSKA,46.42339267;15.90401954,0,151.96,81,TRŽAŠKA CESTA;1.18--PRIKLJUČEK BREZOVICA;0.6--A1;1.83--A2;3.8--RAZCEP KOSEZE;0.2--LJUBLJANSKA SEVERNA OBVOZNICA;9.72--RAZCEP ZADOBROVA;0.86--A1;108.26--A4;18.87--RAZCEP DRAŽENCI;0.62--OBVOZNICA;2.75--PUHOV MOST;0.46--OBVOZNICA;0.55--ORMOŠKA CESTA;0.05--PUHOVA ULICA;1.18--DORNAVSKA CESTA;0.93--PTUJ;0.1
Infrastruktura Bled d.o.o.,Rečiška cesta 2,Bled,4260 Bled,GORENJSKA,46.37296562;14.10050155,0,60.31,34,TRŽAŠKA CESTA;1.18--PRIKLJUČEK BREZOVICA;0.6--A1;1.83--A2;50.94--LESCE;0.13--PRIKLJUČEK LESCE;0.53--LESCE;2.0--LJUBLJANSKA CESTA;1.74--PREŠERNOVA CESTA;1.35
Javno podjetje Snaga d.o.o.,Cesta dveh cesarjev 101,Ljubljansko Barje,1000 Ljubljana,OSREDNJESLOVENSKA,46.02434153;14.47638566,0,5.64,7,TRŽAŠKA CESTA;3.54--CESTA V GORICE;0.67--CESTA DVEH CESARJEV;0.73--;0.7
JKP Dravograd d.o.o.,Meža 10,Dravograd,2370 Dravograd,KOROŠKA,46.58657418;15.02489687,0,127.29,82,TRŽAŠKA CESTA;1.18--PRIKLJUČEK BREZOVICA;0.6--A1;1.83--A2;3.8--RAZCEP KOSEZE;0.2--LJUBLJANSKA SEVERNA OBVOZNICA;9.72--RAZCEP ZADOBROVA;0.86--A1;59.39--ŽALEC;0.23--MALA PIREŠICA;0.98--VELIKA PIREŠICA;2.9--STUDENCE;2.65--ČRNOVA;1.89--VINSKA GORA;1.5--PIREŠICA;1.09--LIPJE;0.08--ČRNOVA;0.6--BEVČE;0.77--CELJSKA CESTA;0.8--KOŽELJSKEGA ULICA;0.33--CESTA IV;0.06--CESTA III;0.08--CESTA II;0.07--CESTA I;0.09--GORIŠKA CESTA;0.27--ŠALEK;0.15--PREDOR ŠALEK;0.12--ŠALEK;1.03--SELO;0.84--PAKA PRI VELENJU;3.83--KOZJAK;0.04--PAKA PRI VELENJU;1.26--KOZJAK;0.77--ZAVRŠE;0.51--KOZJAK;0.21--ZAVRŠE;0.24--KOZJAK;0.01--ZAVRŠE;0.13--GORNJI DOLIČ;0.42--ZAVRŠE;0.03--GORNJI DOLIČ;1.2--MOVŽE;1.71--ŠENTLENART;0.57--STRAŽE;1.13--MISLINJA;0.01--STRAŽE;1.44--MISLINJA;0.01--STRAŽE;0.16--MISLINJA;0.12--MISLINJSKA DOBRAVA;3.79--TOMAŠKA VAS;0.58--ŠMARTNO PRI SLOVENJ GRADCU;2.82--SLOVENJ GRADEC (OBVOZNICA);1.96--SLOVENJ GRADEC;0.6--GRADIŠČE;0.46--TROBLJE;0.01--GRADIŠČE;0.06--TROBLJE;0.46--PAMEČE;2.3--BUKOVSKA VAS;2.21--ŠENTJANŽ PRI DRAVOGRADU;1.37--OTIŠKI VRH;1.63--MEŽA;1.16
JKP Grosuplje d.o.o.,Taborska cesta 3,Grosuplje,1290 Grosuplje,OSREDNJESLOVENSKA,45.95659883;14.65328404,0,24.08,15,TRŽAŠKA CESTA;1.18--PRIKLJUČEK BREZOVICA;0.6--A1;2.35--A1:A2;8.24--A2;9.8--GROSUPLJE;0.15--PRIKLJUČEK GROSUPLJE;0.14--LJUBLJANSKA CESTA;0.99--BRINJE CESTA I;0.23--POD GOZDOM CESTA I;0.01--STRANSKA POT I;0.09--ADAMIČEVA CESTA;0.12--KOLODVORSKA CESTA;0.19
JKP JEKO-IN d.o.o.,Cesta Franceta Prešerna 62,Jesenice,4270 Jesenice,GORENJSKA,46.43396677;14.05779393,0,66.64,37,TRŽAŠKA CESTA;1.18--PRIKLJUČEK BREZOVICA;0.6--A1;1.83--A2;58.87--JESENICE - VZHOD;0.17--PRIKLJUČEK JESENICE - VZHOD;0.14--LIPCE;0.64--PODKOČNA;0.52--CESTA JANEZA FINŽGARJA;0.5--CESTA BORISA KIDRIČA;0.49--CESTA ŽELEZARJEV;1.24--FUŽINSKA CESTA;0.18--SKLADIŠČNA ULICA;0.28
JKP Komunala Ribnica d.o.o.,Goriča vas 11 A,Ribnica,1310 Ribnica,JUGOVZHODNA,45.73192922;14.73538594,0,54.48,45,TRŽAŠKA CESTA;1.18--PRIKLJUČEK BREZOVICA;0.6--A1;2.35--A1:A2;8.24--A2;5.54--ŠMARJE-SAP;0.41--MALI VRH PRI ŠMARJU;0.07--RIMSKA CESTA;0.1--TLAKE;1.24--ŠMARSKA CESTA;0.78--KOČEVSKA CESTA;1.51--GUMNIŠČE;1.14--KOČEVSKA CESTA;2.03--SMRJENE;1.8--KOČEVSKA CESTA;1.69--VRH NAD ŽELIMLJAMI;0.87--ŽELIMLJE;0.01--VRH NAD ŽELIMLJAMI;0.37--ŽELIMLJE;0.66--VELIKI LOČNIK;0.78--TURJAK;0.15--MALI LOČNIK;1.34--SLOKA GORA;0.19--TURJAK;1.63--PRAZNIKI;0.12--LAPORJE;0.96--RAŠICA;1.75--MALE LAŠČE;1.24--VELIKE LAŠČE;0.32--TRUBARJEVA CESTA;1.21--VELIKE LAŠČE;0.27--SROBOTNIK PRI VEL. LAŠČAH;0.08--VELIKE LAŠČE;0.05--SROBOTNIK PRI VEL. LAŠČAH;0.23--DOLNJE RETJE;0.56--GORNJE RETJE;0.58--PRILESJE;1.34--GORENJE PODPOLJANE;0.28--PRILESJE;0.05--GORENJE PODPOLJANE;0.2--DOLENJE PODPOLJANE;0.78--PRAPROČE;0.4--ORTNEK;1.12--DULE;0.03--ORTNEK;0.03--DULE;0.05--ORTNEK;1.28--DULE;0.3--ORTNEK;0.29--VIADUKT ŽLEBIČ;0.1--ŽLEBIČ;1.37--BREŽE;0.57--CESTA I;1.07--BREG PRI RIBNICI NA DOL.;0.67--GORENJSKA CESTA;1.31--KOLODVORSKA ULICA;0.06--ŠKRABČEV TRG;0.37--ŠEŠKOVA ULICA;0.15--HROVAČA;0.64
JKP Log d.o.o.,Poljana 1 C,Prevalje,2391 Prevalje,KOROŠKA,46.5446566;14.90174613,0,134.98,92,TRŽAŠKA CESTA;1.18--PRIKLJUČEK BREZOVICA;0.6--A1;1.83--A2;3.8--RAZCEP KOSEZE;0.2--LJUBLJANSKA SEVERNA OBVOZNICA;9.72--RAZCEP ZADOBROVA;0.86--A1;59.39--ŽALEC;0.23--MALA PIREŠICA;0.98--VELIKA PIREŠICA;2.9--STUDENCE;2.65--ČRNOVA;1.89--VINSKA GORA;1.5--PIREŠICA;1.09--LIPJE;0.08--ČRNOVA;0.6--BEVČE;0.77--CELJSKA CESTA;0.8--KOŽELJSKEGA ULICA;0.33--CESTA IV;0.06--CESTA III;0.08--CESTA II;0.07--CESTA I;0.09--GORIŠKA CESTA;0.27--ŠALEK;0.15--PREDOR ŠALEK;0.12--ŠALEK;1.03--SELO;0.84--PAKA PRI VELENJU;3.83--KOZJAK;0.04--PAKA PRI VELENJU;1.26--KOZJAK;0.77--ZAVRŠE;0.51--KOZJAK;0.21--ZAVRŠE;0.24--KOZJAK;0.01--ZAVRŠE;0.13--GORNJI DOLIČ;0.42--ZAVRŠE;0.03--GORNJI DOLIČ;1.2--MOVŽE;1.71--ŠENTLENART;0.57--STRAŽE;1.13--MISLINJA;0.01--STRAŽE;1.44--MISLINJA;0.01--STRAŽE;0.16--MISLINJA;0.12--MISLINJSKA DOBRAVA;3.79--TOMAŠKA VAS;0.58--ŠMARTNO PRI SLOVENJ GRADCU;2.82--SLOVENJ GRADEC;0.76--CELJSKA CESTA;0.96--PODGORSKA CESTA;0.97--SLOVENJ GRADEC;1.38--STARI TRG;0.03--SLOVENJ GRADEC;0.1--STARI TRG;0.96--VRHE;1.08--SELE;0.31--VRHE;0.04--SELE;0.07--VRHE;0.01--SELE;0.24--VRHE;0.08--SELE;0.06--VRHE;0.01--SELE;0.21--VRHE;0.01--SELE;0.02--VRHE;0.04--SELE;0.04--VRHE;0.02--SELE;0.11--VRHE;0.05--SELE;0.01--VRHE;0.02--SELE;1.4--SELE - DEL;0.18--PODGORA;0.34--BRDINJE;0.65--PODGORA;0.5--KOTLJE;0.91--BRDINJE;0.3--PREŠKI VRH;0.28--BRDINJE;0.33--PREŠKI VRH;0.85--NA ŠANCAH;0.49--OB SUHI;0.28--TRG SVOBODE;0.22--PREŽIHOVA ULICA;0.26--KOROŠKA CESTA;0.2--JANEČE;0.87--DOBJA VAS;1.03--PRI BRANČURNIKU;0.41--NICINA;0.24--SPODNJI KRAJ;0.53--NA PRODU;0.27--TRG;0.62--ZGORNJI KRAJ;0.46--PERZONALI;0.46--BREZNICA;0.22
JKP Log d.o.o.,Dobja vas 187,Ravne na Koroškem,2390 Ravne na Koroškem,KOROŠKA,46.54804741;14.94056054,0,132.07,90,TRŽAŠKA CESTA;1.18--PRIKLJUČEK BREZOVICA;0.6--A1;1.83--A2;3.8--RAZCEP KOSEZE;0.2--LJUBLJANSKA SEVERNA OBVOZNICA;9.72--RAZCEP ZADOBROVA;0.86--A1;59.39--ŽALEC;0.23--MALA PIREŠICA;0.98--VELIKA PIREŠICA;2.9--STUDENCE;2.65--ČRNOVA;1.89--VINSKA GORA;1.5--PIREŠICA;1.09--LIPJE;0.08--ČRNOVA;0.6--BEVČE;0.77--CELJSKA CESTA;0.8--KOŽELJSKEGA ULICA;0.33--CESTA IV;0.06--CESTA III;0.08--CESTA II;0.07--CESTA I;0.09--GORIŠKA CESTA;0.27--ŠALEK;0.15--PREDOR ŠALEK;0.12--ŠALEK;1.03--SELO;0.84--PAKA PRI VELENJU;3.83--KOZJAK;0.04--PAKA PRI VELENJU;1.26--KOZJAK;0.77--ZAVRŠE;0.51--KOZJAK;0.21--ZAVRŠE;0.24--KOZJAK;0.01--ZAVRŠE;0.13--GORNJI DOLIČ;0.42--ZAVRŠE;0.03--GORNJI DOLIČ;1.2--MOVŽE;1.71--ŠENTLENART;0.57--STRAŽE;1.13--MISLINJA;0.01--STRAŽE;1.44--MISLINJA;0.01--STRAŽE;0.16--MISLINJA;0.12--MISLINJSKA DOBRAVA;3.79--TOMAŠKA VAS;0.58--ŠMARTNO PRI SLOVENJ GRADCU;2.82--SLOVENJ GRADEC;0.76--CELJSKA CESTA;0.96--PODGORSKA CESTA;0.97--SLOVENJ GRADEC;1.38--STARI TRG;0.03--SLOVENJ GRADEC;0.1--STARI TRG;0.96--VRHE;1.08--SELE;0.31--VRHE;0.04--SELE;0.07--VRHE;0.01--SELE;0.24--VRHE;0.08--SELE;0.06--VRHE;0.01--SELE;0.21--VRHE;0.01--SELE;0.02--VRHE;0.04--SELE;0.04--VRHE;0.02--SELE;0.11--VRHE;0.05--SELE;0.01--VRHE;0.02--SELE;1.4--SELE - DEL;0.18--PODGORA;0.34--BRDINJE;0.65--PODGORA;0.5--KOTLJE;0.91--BRDINJE;0.3--PREŠKI VRH;0.28--BRDINJE;0.33--PREŠKI VRH;0.85--NA ŠANCAH;0.49--OB SUHI;0.28--TRG SVOBODE;0.22--PREŽIHOVA ULICA;0.26--KOROŠKA CESTA;0.2--JANEČE;0.87--DOBJA VAS;1.33
JKP Logatec d.o.o.,Tržaška cesta 27,Logatec,1370 Logatec,OSREDNJESLOVENSKA,45.91654399;14.2224172,0,25.41,15,TRŽAŠKA CESTA;1.18--PRIKLJUČEK BREZOVICA;0.31--A1;20.4--LOGATEC;3.1--CESTA TALCEV;0.25--BROD;0.16
JKP PRODNIK d.o.o.,Savska cesta 34,Domžale,1230 Domžale,OSREDNJESLOVENSKA,46.2327385;14.35968474,0,34.67,22,TRŽAŠKA CESTA;1.18--PRIKLJUČEK BREZOVICA;0.6--A1;1.83--A2;25.97--KRANJ VZHOD;0.2--PRIKLJUČEK KRANJ VZHOD;0.13--ŠENČUR;0.14--POSLOVNA CONA D;0.09--ŠENČUR;0.43--KRANJ;1.33--CESTA BOŠTJANA HLADNIKA;1.59--CESTA 1. MAJA;0.39--SAVSKA CESTA;0.81
JKP Radlje ob Dravi d.o.o.,Mariborska cesta 3,Radlje ob Dravi,2360 Radlje ob Dravi,KOROŠKA,46.6149023;15.2239649,0,144.75,96,TRŽAŠKA CESTA;1.18--PRIKLJUČEK BREZOVICA;0.6--A1;1.83--A2;3.8--RAZCEP KOSEZE;0.2--LJUBLJANSKA SEVERNA OBVOZNICA;9.72--RAZCEP ZADOBROVA;0.86--A1;59.39--ŽALEC;0.23--MALA PIREŠICA;0.98--VELIKA PIREŠICA;2.9--STUDENCE;2.65--ČRNOVA;1.89--VINSKA GORA;1.5--PIREŠICA;1.09--LIPJE;0.08--ČRNOVA;0.6--BEVČE;0.77--CELJSKA CESTA;0.8--KOŽELJSKEGA ULICA;0.33--CESTA IV;0.06--CESTA III;0.08--CESTA II;0.07--CESTA I;0.09--GORIŠKA CESTA;0.27--ŠALEK;0.15--PREDOR ŠALEK;0.12--ŠALEK;1.03--SELO;0.84--PAKA PRI VELENJU;3.83--KOZJAK;0.04--PAKA PRI VELENJU;1.26--KOZJAK;0.77--ZAVRŠE;0.51--KOZJAK;0.21--ZAVRŠE;0.24--KOZJAK;0.01--ZAVRŠE;0.13--GORNJI DOLIČ;0.42--ZAVRŠE;0.03--GORNJI DOLIČ;1.2--MOVŽE;1.71--ŠENTLENART;0.57--STRAŽE;1.13--MISLINJA;0.01--STRAŽE;1.44--MISLINJA;0.01--STRAŽE;0.16--MISLINJA;0.12--MISLINJSKA DOBRAVA;3.79--TOMAŠKA VAS;0.58--ŠMARTNO PRI SLOVENJ GRADCU;2.82--SLOVENJ GRADEC (OBVOZNICA);1.96--SLOVENJ GRADEC;0.6--GRADIŠČE;0.46--TROBLJE;0.01--GRADIŠČE;0.06--TROBLJE;0.46--PAMEČE;2.3--BUKOVSKA VAS;2.21--ŠENTJANŽ PRI DRAVOGRADU;1.37--OTIŠKI VRH;1.63--MEŽA;1.04--MARIBORSKA CESTA;1.42--SV. DUH;0.8--SV. BOŠTJAN;1.75--SV. DUH;0.91--VELKA;0.3--KOZJI VRH NAD DRAVOGRADOM;0.05--VRATA;1.75--GORTINA;2.85--MUTA;2.09--KOROŠKA CESTA;0.99--MARIBORSKA CESTA;0.71--SV. PRIMOŽ NAD MUTO;0.55--ZGORNJA VIŽINGA;1.66--DOBRAVA;0.35--OBVOZNICA RADLJE OB DRAVI;0.35--KOROŠKA CESTA;0.93--MARIBORSKA CESTA;0.13
JKP Slovenj Gradec d.o.o.,Pameče 177 A,Slovenj Gradec,2380 Slovenj Gradec,KOROŠKA,46.53454437;15.06943131,0,120.31,77,TRŽAŠKA CESTA;1.18--PRIKLJUČEK BREZOVICA;0.6--A1;1.83--A2;3.8--RAZCEP KOSEZE;0.2--LJUBLJANSKA SEVERNA OBVOZNICA;9.72--RAZCEP ZADOBROVA;0.86--A1;59.39--ŽALEC;0.23--MALA PIREŠICA;0.98--VELIKA PIREŠICA;2.9--STUDENCE;2.65--ČRNOVA;1.89--VINSKA GORA;1.5--PIREŠICA;1.09--LIPJE;0.08--ČRNOVA;0.6--BEVČE;0.77--CELJSKA CESTA;0.8--KOŽELJSKEGA ULICA;0.33--CESTA IV;0.06--CESTA III;0.08--CESTA II;0.07--CESTA I;0.09--GORIŠKA CESTA;0.27--ŠALEK;0.15--PREDOR ŠALEK;0.12--ŠALEK;1.03--SELO;0.84--PAKA PRI VELENJU;3.83--KOZJAK;0.04--PAKA PRI VELENJU;1.26--KOZJAK;0.77--ZAVRŠE;0.51--KOZJAK;0.21--ZAVRŠE;0.24--KOZJAK;0.01--ZAVRŠE;0.13--GORNJI DOLIČ;0.42--ZAVRŠE;0.03--GORNJI DOLIČ;1.2--MOVŽE;1.71--ŠENTLENART;0.57--STRAŽE;1.13--MISLINJA;0.01--STRAŽE;1.44--MISLINJA;0.01--STRAŽE;0.16--MISLINJA;0.12--MISLINJSKA DOBRAVA;3.79--TOMAŠKA VAS;0.58--ŠMARTNO PRI SLOVENJ GRADCU;2.82--SLOVENJ GRADEC (OBVOZNICA);1.96--SLOVENJ GRADEC;0.6--GRADIŠČE;0.46--TROBLJE;0.01--GRADIŠČE;0.06--TROBLJE;0.46--PAMEČE;1.02--GMAJNA;0.67
JKP Slovenske Konjice,Prežigal 9,Slovenske Konjice,3210 Slovenske Konjice,SAVINJSKA,46.33658472;15.45102054,0,108.58,60,TRŽAŠKA CESTA;1.18--PRIKLJUČEK BREZOVICA;0.6--A1;1.83--A2;3.8--RAZCEP KOSEZE;0.2--LJUBLJANSKA SEVERNA OBVOZNICA;9.72--RAZCEP ZADOBROVA;0.86--A1;86.45--SLOVENSKE KONJICE;0.11--PRIKLJUČEK SLOVENSKE KONJICE;0.62--TEPANJE;0.55--DOBRNEŽ;1.73--SLOVENSKE KONJICE;0.64--PREŽIGAL;0.27
JP - Komunala Cerknica d.o.o.,Notranjska cesta 44,Cerknica,1380 Cerknica,NOTRANJO-KRAŠKA,45.79797079;14.3634592,0,40.36,25,TRŽAŠKA CESTA;1.18--PRIKLJUČEK BREZOVICA;0.31--A1;30.68--UNEC;0.17--PRIKLJUČEK UNEC;0.1--UNEC;1.54--RAKEK;0.01--POSTOJNSKA CESTA;1.36--PARTIZANSKA CESTA;0.57--STARA CESTA;0.19--PARTIZANSKA CESTA;0.48--CERKNICA;0.32--PODSKRAJNIK;1.86--DOLENJA VAS;0.21--CESTA 4. MAJA;0.41--CERKNICA;0.13--NOTRANJSKA CESTA;0.44--ZIDANŠKOVA ULICA;0.14--KAMNA GORICA;0.19--NOTRANJSKA CESTA;0.08
JP - Komunala Cerknica d.o.o.,Cesta Notranjskega odreda 46,Lož,1386 Stari Trg pri Ložu,NOTRANJO-KRAŠKA,45.76459902;14.62972043,0,50.09,44,TRŽAŠKA CESTA;1.18--PRIKLJUČEK BREZOVICA;0.6--A1;2.35--A1:A2;8.24--A2;5.54--ŠMARJE-SAP;0.41--MALI VRH PRI ŠMARJU;0.07--RIMSKA CESTA;0.1--TLAKE;1.24--ŠMARSKA CESTA;0.78--KOČEVSKA CESTA;1.51--GUMNIŠČE;1.14--KOČEVSKA CESTA;2.03--SMRJENE;1.8--KOČEVSKA CESTA;1.69--VRH NAD ŽELIMLJAMI;0.87--ŽELIMLJE;0.01--VRH NAD ŽELIMLJAMI;0.37--ŽELIMLJE;0.66--VELIKI LOČNIK;0.78--TURJAK;0.15--MALI LOČNIK;1.34--SLOKA GORA;0.19--TURJAK;1.63--PRAZNIKI;0.12--LAPORJE;0.96--RAŠICA;1.75--MALE LAŠČE;1.24--VELIKE LAŠČE;0.32--TRUBARJEVA CESTA;0.64--CEREJA;1.43--MEDVEDJEK;0.68--MALA SLEVICA;1.29--DVORSKA VAS;0.67--;0.22--JUNČJE;0.34--MAROLČE;0.44--;0.52--ANDOL;0.44--SV. GREGOR;0.83--;1.0--ZAMOSTEC;0.36--SLEMENSKA CESTA;1.23--ZAVODA;0.2--TRG 25. MAJA;0.16--CESTA NOTRANJSKEGA ODREDA;0.58
"JP d.o.o., Komunala Kranj",Cesta v Polico 43,Cerklje,4207 Cerklje na Gorenjskem,GORENJSKA,46.25006027;14.48987761,0,29.55,22,TRŽAŠKA CESTA;1.18--PRIKLJUČEK BREZOVICA;0.6--A1;1.83--A2;17.11--VODICE;0.18--PRIKLJUČEK VODICE;0.25--ŠKOFJELOŠKA CESTA;0.28--VODICE;0.03--ŠKOFJELOŠKA CESTA;0.44--BRNIŠKA CESTA;0.69--VODICE;0.84--LAHOVČE;2.08--VOPOVLJE;0.24--SPODNJI BRNIK;1.66--ZGORNJI BRNIK;1.35--SLOVENSKA CESTA;0.49--CESTA V POLICO;0.3
"JP d.o.o., Komunala Kranj",Zgornje Jezersko,Jezersko,4206 Zgornje Jezersko,GORENJSKA,46.39499506;14.49660684,0,57.36,43,TRŽAŠKA CESTA;1.18--PRIKLJUČEK BREZOVICA;0.6--A1;1.83--A2;25.97--KRANJ VZHOD;0.2--PRIKLJUČEK KRANJ VZHOD;0.13--ŠENČUR;0.06--;0.91--KRANJSKA CESTA;0.54--PIPANOVA CESTA;1.19--SREDNJA VAS PRI ŠENČURJU;0.21--;1.11--VISOKO;1.32--HOTEMAŽE;1.21--TUPALIČE;2.56--POTOČE;1.61--KOKRA;10.48--SPODNJE JEZERSKO;3.8--ZGORNJE JEZERSKO;2.46
"JP d.o.o., Komunala Kranj",Cesta na Okroglo 9,Naklo,4202 Naklo,GORENJSKA,46.26188754;14.32305041,0,37.99,23,TRŽAŠKA CESTA;1.18--PRIKLJUČEK BREZOVICA;0.6--A1;1.83--A2;31.93--KRANJ ZAHOD;0.17--PRIKLJUČEK KRANJ ZAHOD;0.12--KRANJ;0.72--POLICA;0.04--STRUŽEVO;0.84--POLICA;0.11--OKROGLO;0.15--NAKLO;0.18--CESTA NA OKROGLO;0.12
"JP d.o.o., Komunala Kranj",Partizanska ulica 34,Šenčur,4208 Šenčur,GORENJSKA,46.24507997;14.41321687,0,31.59,19,TRŽAŠKA CESTA;1.18--PRIKLJUČEK BREZOVICA;0.6--A1;1.83--A2;25.97--KRANJ VZHOD;0.2--PRIKLJUČEK KRANJ VZHOD;0.13--ŠENČUR;0.06--;0.91--KRANJSKA CESTA;0.31--PARTIZANSKA ULICA;0.41
"JP d.o.o., Komunala Kranj",Golnik,Tenetiše,4000 Kranj,GORENJSKA,46.33143434;14.33055034,0,45.62,30,TRŽAŠKA CESTA;1.18--PRIKLJUČEK BREZOVICA;0.6--A1;1.83--A2;31.93--KRANJ ZAHOD;0.17--PRIKLJUČEK KRANJ ZAHOD;0.12--KRANJ;0.59--BLEIWEISOVA CESTA;0.03--KRANJ;0.46--KOKRICA;0.04--GOLNIŠKA CESTA;1.28--SRAKOVLJE;0.59--MLAKA PRI KRANJU;0.12--TENETIŠE;1.89--LETENICE;0.95--GORIČE;1.54--GOLNIK;2.3
"JP d.o.o., Komunala Kranj",Savska loka 31,Zarica,4000 Kranj,GORENJSKA,46.221;14.36840199,0,36.36,24,TRŽAŠKA CESTA;1.18--PRIKLJUČEK BREZOVICA;0.6--A1;1.83--A2;25.97--KRANJ VZHOD;0.2--PRIKLJUČEK KRANJ VZHOD;0.13--ŠENČUR;0.14--POSLOVNA CONA D;0.09--ŠENČUR;0.43--KRANJ;1.33--CESTA BOŠTJANA HLADNIKA;1.59--CESTA 1. MAJA;0.39--SAVSKA CESTA;1.43--SAVSKA LOKA;1.06
JP Komunala Koper d.o.o.,Klanec 1,Koper,6276 Pobegi,OBALNO-KRAŠKA,45.92068852;14.2339755,0,25.26,16,TRŽAŠKA CESTA;1.18--PRIKLJUČEK BREZOVICA;0.31--A1;20.4--LOGATEC;2.14--ZELENICA;0.28--JAČKA;0.37--TOVARNIŠKA CESTA;0.26--KLANEC;0.32
JP Komunala Laško d.o.o.,Modrič,Laško,3270 Laško,SAVINJSKA,46.4097999;15.47055532,0,117.19,72,TRŽAŠKA CESTA;1.18--PRIKLJUČEK BREZOVICA;0.6--A1;1.83--A2;3.8--RAZCEP KOSEZE;0.2--LJUBLJANSKA SEVERNA OBVOZNICA;9.72--RAZCEP ZADOBROVA;0.86--A1;86.45--SLOVENSKE KONJICE;0.11--PRIKLJUČEK SLOVENSKE KONJICE;0.62--TEPANJE;1.27--NOVO TEPANJE;0.77--;0.68--NOVO TEPANJE;0.32--POBREŽ;1.4--DOBRIŠKA VAS;0.81--;1.17--GMAJNA;0.67--PARTIZANSKA CESTA;0.32--ČADRAM;1.26--ZLOGONA GORA;0.48--ZLOGONA VAS;1.87--;0.3--MODRIČ;0.47
JP Komunala Radeče d.o.o.,Titova ulica 107,Radeče,1433 Radeče,SAVINJSKA,46.06512468;15.16240819,0,88.17,63,TRŽAŠKA CESTA;1.18--PRIKLJUČEK BREZOVICA;0.6--A1;1.83--A2;3.8--RAZCEP KOSEZE;0.2--LJUBLJANSKA SEVERNA OBVOZNICA;9.72--RAZCEP ZADOBROVA;0.86--A1;31.98--TROJANE;0.14--V ZIDEH;0.23--PREDOR V ZIDEH;0.31--V ZIDEH;0.38--POLŠINA;0.46--HRASTNIK PRI TROJANAH;0.21--POLŠINA;0.01--HRASTNIK PRI TROJANAH;0.14--POLŠINA;0.47--HRASTNIK PRI TROJANAH;0.11--POLŠINA;0.02--HRASTNIK PRI TROJANAH;0.05--POLŠINA;0.04--HRASTNIK PRI TROJANAH;0.02--POLŠINA;0.07--HRASTNIK PRI TROJANAH;0.01--POLŠINA;0.13--OREHOVICA;1.64--PODLIPOVICA;0.69--MEDIJSKE TOPLICE;0.42--IZLAKE;0.71--OBREZIJA;0.79--SPODNJE IZLAKE;0.96--IZLAKE;0.32--LOKE PRI ZAGORJU;0.99--BOROVNIŠKO NASELJE;0.48--TRG POHORSKEGA BATALJONA;0.17--RUDARSKA CESTA;0.08--PETELINKARJEVA CESTA;0.38--PODKRAJ PRI ZAGORJU;0.11--LOKE PRI ZAGORJU;0.04--PODKRAJ PRI ZAGORJU;0.4--LOKE PRI ZAGORJU;0.48--PODVINE;0.61--KOPALIŠKA ULICA;0.67--PREČNA POT;0.06--CESTA ZMAGE;0.79--KOLODVORSKA CESTA;1.03--ŠKLENDROVEC;0.97--ZAVRŠJE;2.44--TRBOVLJE;2.34--ZASAVSKA CESTA;0.3--TRBOVLJE;0.24--DOBOVEC;1.25--PODKRAJ;1.63--GRAJSKA POT;0.35--CESTA 1. MAJA;0.29--ZA SAVO;1.22--KRNICE;0.88--ŠAVNA PEČ;1.98--SUHADOL;1.55--ŠIRJE;0.88--ZIDANI MOST;1.51--OBREŽJE PRI ZIDANEM MOSTU;0.88--OBREŽJE;2.06--RADEČE;0.25--POT NA BROD;0.7--TRG;0.1--TITOVA ULICA;1.56
JP Okolje Piran d.o.o.,Arze 1 B,Piran,6330 Portorož - Portorose,OBALNO-KRAŠKA,45.52620348;13.57445067,0,112.82,60,TRŽAŠKA CESTA;1.18--PRIKLJUČEK BREZOVICA;0.31--A1;92.19--BERTOKI;1.69--KOPER;3.27--ISTRSKA CESTA;0.26--PREDOR MARKOVEC;2.16--IZOLA;3.73--JAGODJE;1.66--DOBRAVA;1.19--STRUNJAN;2.02--LUCIJA;0.15--KOPRSKA CESTA;0.78--BELOKRIŠKA CESTA;1.83--ARZE;0.35--FIESA;0.03
JP Komunala Črnomelj d.o.o.,Belokranjska cesta 24 A,Črnomelj,8340 Črnomelj,JUGOVZHODNA,45.5807854;15.19820265,0,103.65,74,TRŽAŠKA CESTA;1.18--PRIKLJUČEK BREZOVICA;0.6--A1;2.35--A1:A2;8.24--A2;54.81--NOVO MESTO - ZAHOD;0.24--NOVO MESTO;0.73--LJUBLJANSKA CESTA;1.56--MUHABER;0.06--LJUBLJANSKA CESTA;2.41--ŠMIHELSKI MOST;0.11--ŠMIHELSKA CESTA;0.6--ŠMIHEL;2.27--ŠKRJANČE PRI NOVEM MESTU;1.25--STRANSKA VAS;1.2--BIRČNA VAS;2.92--URŠNA SELA;1.31--LJUBEN;1.63--MAKUTE;0.39--VAŠKA CESTA;2.97--LAZE;1.39--ROŽNI DOL;2.83--PRELOGE;0.18--ROŽNI DOL;0.06--PRELOGE;0.01--ROŽNI DOL;0.14--PRELOGE;0.16--POTOKI;0.03--PRELOGE;1.98--SEMIČ;0.76--GABER;0.23--K TAJČBIRTU;0.8--KOT;0.95--SEMIČ;0.3--RUČETNA VAS;0.95--MIHELJA VAS;0.47--GORNJA PAKA;0.03--MIHELJA VAS;0.12--GORNJA PAKA;0.21--PETROVA VAS;0.01--GORNJA PAKA;0.05--PETROVA VAS;0.08--GORNJA PAKA;0.07--ROŽANEC;0.09--GORNJA PAKA;0.17--ROŽANEC;0.01--GORNJA PAKA;0.53--LOKVE;2.26--ULICA 21. OKTOBRA;0.92--ULICA PADLIH BORCEV;0.14--SEMIŠKA CESTA;0.16--METLIŠKA CESTA;0.43--BELOKRANJSKA CESTA;0.33
JP Komunala Črnomelj d.o.o.,Obrtna cona 8,Semič,8333 Semič,JUGOVZHODNA,45.65593133;15.19252909,0,97.81,65,TRŽAŠKA CESTA;1.18--PRIKLJUČEK BREZOVICA;0.6--A1;2.35--A1:A2;8.24--A2;57.09--NOVO MESTO - VZHOD;0.11--PRIKLJUČEK NOVO MESTO - VZHOD;0.23--NA BREZOVICI;0.33--ZAGREBŠKA CESTA;0.97--ANDRIJANIČEVA CESTA;1.05--LEVIČNIKOVA CESTA;1.77--BELOKRANJSKA CESTA;2.65--ČRMOŠNJICE PRI STOPIČAH;1.5--DOLNJA TEŽKA VODA;1.48--KOROŠKA VAS;1.82--VINJA VAS;5.51--PRELAZ VAHTA;0.41--IGLENIK;0.66--JUGORJE PRI METLIKI;1.36--BOŽIČ VRH;0.02--JUGORJE PRI METLIKI;0.44--SELA PRI JUGORJU;0.45--BOŽIČ VRH;0.55--SELA PRI JUGORJU;0.04--MALINE PRI ŠTREKLJEVCU;0.71--BREZOVA REBER;0.35--ŠKEMLJEVEC;0.08--BREZOVA REBER;1.17--OSOJNIK;1.19--ŠTREKLJEVEC;1.23--PODREBER;0.91--VAJDOVA ULICA;1.07--OBRTNA CONA;0.31
JPK d.o.o. Mozirje,Praprotnikova ulica 36,Mozirje,3330 Mozirje,SAVINJSKA,46.33716428;14.95820157,0,82.81,52,TRŽAŠKA CESTA;1.18--PRIKLJUČEK BREZOVICA;0.6--A1;1.83--A2;3.8--RAZCEP KOSEZE;0.2--LJUBLJANSKA SEVERNA OBVOZNICA;9.72--RAZCEP ZADOBROVA;0.86--A1;49.72--ŠENTRUPERT;0.29--ORLA VAS;0.24--TRNAVA;0.79--ORLA VAS;0.32--TOPOVLJE;0.92--PARIŽLJE;1.39--PRESERJE;0.26--PARIŽLJE;0.65--MALE BRASLOVČE;1.36--LETUŠ;4.27--LJUBIJA;2.75--MOZIRJE;0.52--OROŽNOVA ULICA;0.84--SAVINJSKA CESTA;0.2--NOVE TRATE;0.05--PRAPROTNIKOVA ULICA;0.04
JPK Izola d.o.o.,Industrijska cesta 8,Izola,6310 Izola - Isola,OBALNO-KRAŠKA,45.53626695;13.67083079,0,102.78,51,TRŽAŠKA CESTA;1.18--PRIKLJUČEK BREZOVICA;0.31--A1;92.19--BERTOKI;1.69--KOPER;3.27--ISTRSKA CESTA;0.26--PREDOR MARKOVEC;2.16--IZOLA;1.46--INDUSTRIJSKA CESTA;0.24
JPK Metlika d.o.o.,Cesta XV. brigade 4,Metlika,8330 Metlika,JUGOVZHODNA,45.64763005;15.31577977,0,100.5,67,TRŽAŠKA CESTA;1.18--PRIKLJUČEK BREZOVICA;0.6--A1;2.35--A1:A2;8.24--A2;57.09--NOVO MESTO - VZHOD;0.11--PRIKLJUČEK NOVO MESTO - VZHOD;0.23--NA BREZOVICI;0.33--ZAGREBŠKA CESTA;0.97--ANDRIJANIČEVA CESTA;1.05--LEVIČNIKOVA CESTA;1.77--BELOKRANJSKA CESTA;2.65--ČRMOŠNJICE PRI STOPIČAH;1.5--DOLNJA TEŽKA VODA;1.48--KOROŠKA VAS;1.82--VINJA VAS;5.51--PRELAZ VAHTA;0.41--IGLENIK;0.66--JUGORJE PRI METLIKI;1.36--BOŽIČ VRH;0.38--ŠKEMLJEVEC;0.49--DOLE;0.03--MAČKOVEC PRI SUHORJU;0.02--DOLE;1.34--HRAST PRI JUGORJU;0.97--BEREČA VAS;0.88--DOLNJI SUHOR PRI METLIKI;0.34--BEREČA VAS;1.11--BUŠINJA VAS;0.3--DOLNJA LOKVICA;0.91--GORNJA LOKVICA;0.32--TRNOVEC;1.24--METLIKA;0.04--BOČKA;1.32--CESTA XV. BRIGADE;1.13--CESTA BRATSTVA IN ENOTNOSTI;0.13--BREG REVOLUCIJE;0.08--;0.17
JPK Trbovlje d.o.o.,Savinjska cesta 11 A,Trbovlje,1420 Trbovlje,ZASAVSKA,46.16441892;15.0513147,0,72.34,51,TRŽAŠKA CESTA;1.18--PRIKLJUČEK BREZOVICA;0.6--A1;1.83--A2;3.8--RAZCEP KOSEZE;0.2--LJUBLJANSKA SEVERNA OBVOZNICA;9.72--RAZCEP ZADOBROVA;0.86--A1;31.98--TROJANE;0.14--V ZIDEH;0.23--PREDOR V ZIDEH;0.31--V ZIDEH;0.38--POLŠINA;0.46--HRASTNIK PRI TROJANAH;0.21--POLŠINA;0.01--HRASTNIK PRI TROJANAH;0.14--POLŠINA;0.47--HRASTNIK PRI TROJANAH;0.11--POLŠINA;0.02--HRASTNIK PRI TROJANAH;0.05--POLŠINA;0.04--HRASTNIK PRI TROJANAH;0.02--POLŠINA;0.07--HRASTNIK PRI TROJANAH;0.01--POLŠINA;0.13--OREHOVICA;1.64--PODLIPOVICA;0.69--MEDIJSKE TOPLICE;0.42--IZLAKE;0.71--OBREZIJA;0.79--SPODNJE IZLAKE;0.96--IZLAKE;0.32--LOKE PRI ZAGORJU;0.99--BOROVNIŠKO NASELJE;0.48--TRG POHORSKEGA BATALJONA;0.17--RUDARSKA CESTA;0.08--PETELINKARJEVA CESTA;0.38--PODKRAJ PRI ZAGORJU;0.11--LOKE PRI ZAGORJU;0.04--PODKRAJ PRI ZAGORJU;0.4--LOKE PRI ZAGORJU;0.48--PODVINE;0.61--KOPALIŠKA ULICA;0.67--PREČNA POT;0.06--CESTA ZMAGE;0.14--CESTA BORISA KIDRIČA;0.03--CESTA 9. AVGUSTA;1.39--SELO PRI ZAGORJU;1.44--PRAPREČE - DEL;0.05--SELO PRI ZAGORJU;0.02--PRAPREČE - DEL;0.3--TRBOVLJE;0.14--PRAPREČE - DEL;0.01--TRBOVLJE;0.14--BEVŠKO;1.66--KOLODVORSKA CESTA;0.17--VODENSKA CESTA;1.23--TRG REVOLUCIJE;0.54--TRG SVOBODE;0.42--NOVI DOM;0.22--DOM IN VRT;0.23--ULICA SALLAUMINES;0.08--OBRTNIŠKA CESTA;0.55--TRG FRANCA FAKINA;0.24--SAVINJSKA CESTA;0.32--CESTA TONČKE ČEČ;0.04
JPKSP Litija d.o.o.,Ponoviška cesta 15,Litija,1270 Litija,OSREDNJESLOVENSKA,46.06228883;14.8327405,0,47.98,36,TRŽAŠKA CESTA;1.18--PRIKLJUČEK BREZOVICA;0.6--A1;1.83--A2;3.8--RAZCEP KOSEZE;0.2--LJUBLJANSKA SEVERNA OBVOZNICA;9.72--RAZCEP ZADOBROVA;0.86--A1;1.99--ŠENTJAKOB;0.26--ZASAVSKA CESTA;0.37--BRINJE;0.98--BERIČEVO;1.5--VIDEM;0.46--ZABORŠT PRI DOLU;1.23--DOL PRI LJUBLJANI;0.29--PODGORA PRI DOLSKEM;1.07--DOLSKO;0.71--PETELINJE;0.14--DOLSKO;0.53--KAMNICA;0.42--DOLSKO;1.98--SENOŽETI;3.71--RIBČE;3.19--VERNEK;2.83--ZGORNJI HOTIČ;1.0--SPODNJI HOTIČ;1.72--ZGORNJI LOG;1.75--LITIJA;2.21--LJUBLJANSKA CESTA;0.81--PONOVIŠKA CESTA;0.62
Komunala d.o.o. Sevnica,Naselje heroja Maroka 17,Sevnica,8290 Sevnica,SPODNJEPOSAVSKA,46.01164311;15.2996621,0,87.33,63,TRŽAŠKA CESTA;1.18--PRIKLJUČEK BREZOVICA;0.6--A1;2.35--A1:A2;8.24--A2;36.86--TREBNJE - ZAHOD;0.19--PRIKLJUČEK TREBNJE - ZAHOD;0.39--BREZA;0.64--ŠTEFAN PRI TREBNJEM;0.96--BENEČIJA;0.9--CESTA VILME BUKOVEC;1.89--METELKOVA ULICA;1.44--GORENJE MEDVEDJE SELO;0.43--DOL PRI TREBNJEM;1.55--GOMILA;1.22--BREZOVICA PRI MIRNI;0.6--MIRNA;0.91--GLAVNA CESTA;0.83--MIRNA;0.41--TRSTENIK;0.55--STRAŽA;0.51--SLOVENSKA VAS;0.45--RAKOVNIK PRI ŠENTRUPERTU;1.12--PRELESJE;0.53--BISTRICA;0.9--PUŠČAVA;0.13--BISTRICA;0.01--PUŠČAVA;0.92--BISTRICA;0.01--PUŠČAVA;0.01--BISTRICA;0.02--PUŠČAVA;0.03--GORENJE JESENICE;0.12--PUŠČAVA;0.16--GORENJE JESENICE;0.57--HRASTOVICA;0.14--DOLENJE JESENICE;0.03--HRASTOVICA;1.35--PIJAVICE;1.03--SKROVNIK;0.91--KAPLJA VAS;0.93--TRŽIŠČE;1.06--SPODNJE VODALE;2.23--KRIŽ;0.4--GABRJE;2.97--KRIŽ;0.29--JELOVEC;2.1--KRIŽ;0.28--LAZE PRI BOŠTANJU;2.75--RADNA;1.65--DOLENJI BOŠTANJ;0.54--BOŠTANJ;0.12--SEVNICA;0.14--HERMANOVA CESTA;0.27--ŠMARSKA CESTA;0.29--SEVNICA;0.03--KVEDROVA CESTA;0.14--NASELJE HEROJA MAROKA;0.07
Komunala IDRIJA d.o.o.,Idrija,Idrija,5280 Idrija,GORIŠKA,46.00125899;14.02210137,0,51.66,40,TRŽAŠKA CESTA;1.18--PRIKLJUČEK BREZOVICA;0.31--A1;20.4--LOGATEC;3.36--CESTA TALCEV;0.01--LOGATEC;0.02--TRŽAŠKA CESTA;2.13--KALCE;3.7--RAVNIK PRI HOTEDRŠICI;2.05--HOTEDRŠICA;2.18--NOVI SVET;2.65--GODOVIČ;6.18--JELIČNI VRH;4.25--GREGORČIČEVA ULICA;2.58--VOJKOVA ULICA;0.09--LAPAJNETOVA ULICA;0.32--ROŽNA ULICA;0.2--MESTNI TRG;0.04
Komunala IDRIJA d.o.o.,Cerkno,Cerkno,5282 Cerkno,GORIŠKA,46.12821791;13.99151719,0,71.1,57,TRŽAŠKA CESTA;1.18--PRIKLJUČEK BREZOVICA;0.31--A1;20.4--LOGATEC;3.36--CESTA TALCEV;0.01--LOGATEC;0.02--TRŽAŠKA CESTA;2.13--KALCE;3.7--RAVNIK PRI HOTEDRŠICI;2.05--HOTEDRŠICA;2.18--NOVI SVET;2.65--GODOVIČ;6.18--JELIČNI VRH;4.25--GREGORČIČEVA ULICA;2.58--VOJKOVA ULICA;1.99--SPODNJA IDRIJA;0.23--NA VASI;0.14--IDRIJSKA CESTA;1.11--NA VASI;0.22--SLOVENSKA CESTA;0.44--TOLMINSKA CESTA;3.93--TRAVNIK;0.11--JAZNE;0.44--TRAVNIK;0.01--JAZNE;0.16--TRAVNIK;1.52--OTALEŽ;0.55--TRAVNIK;0.03--PLUŽNJE;2.22--STRAŽA;2.69--GORIŠKA CESTA;3.69--BEVKOVA ULICA;0.42--GLAVNI TRG;0.04--MOČNIKOVA ULICA;0.14--POT V STRANO;0.04
"Komunala Kočevje, d.o.o.",Tesarska ulica 10,Kočevje,1330 Kočevje,JUGOVZHODNA,45.64041385;14.86349041,0,69.81,59,TRŽAŠKA CESTA;1.18--PRIKLJUČEK BREZOVICA;0.6--A1;2.35--A1:A2;8.24--A2;5.54--ŠMARJE-SAP;0.41--MALI VRH PRI ŠMARJU;0.07--RIMSKA CESTA;0.1--TLAKE;1.24--ŠMARSKA CESTA;0.78--KOČEVSKA CESTA;1.51--GUMNIŠČE;1.14--KOČEVSKA CESTA;2.03--SMRJENE;1.8--KOČEVSKA CESTA;1.69--VRH NAD ŽELIMLJAMI;0.87--ŽELIMLJE;0.01--VRH NAD ŽELIMLJAMI;0.37--ŽELIMLJE;0.66--VELIKI LOČNIK;0.78--TURJAK;0.15--MALI LOČNIK;1.34--SLOKA GORA;0.19--TURJAK;1.63--PRAZNIKI;0.12--LAPORJE;0.96--RAŠICA;1.75--MALE LAŠČE;1.24--VELIKE LAŠČE;0.32--TRUBARJEVA CESTA;1.21--VELIKE LAŠČE;0.27--SROBOTNIK PRI VEL. LAŠČAH;0.08--VELIKE LAŠČE;0.05--SROBOTNIK PRI VEL. LAŠČAH;0.23--DOLNJE RETJE;0.56--GORNJE RETJE;0.58--PRILESJE;1.34--GORENJE PODPOLJANE;0.28--PRILESJE;0.05--GORENJE PODPOLJANE;0.2--DOLENJE PODPOLJANE;0.78--PRAPROČE;0.4--ORTNEK;1.12--DULE;0.03--ORTNEK;0.03--DULE;0.05--ORTNEK;1.28--DULE;0.3--ORTNEK;0.29--VIADUKT ŽLEBIČ;0.1--ŽLEBIČ;1.37--BREŽE;0.57--CESTA I;1.07--BREG PRI RIBNICI NA DOL.;0.67--GORENJSKA CESTA;1.31--KOLODVORSKA ULICA;0.06--ŠKRABČEV TRG;0.37--ŠEŠKOVA ULICA;0.15--HROVAČA;0.6--GORIČA VAS;1.07--NEMŠKA VAS;0.84--PRIGORICA;0.97--ZA VODO;0.34--DOLENJA VAS;1.96--RAKITNICA;0.38--DOLENJA VAS;0.37--GORNJE LOŽINE;1.96--DOLNJE LOŽINE;0.14--GORNJE LOŽINE;0.33--DOLNJE LOŽINE;0.51--NOVE LOŽINE;0.13--MRTVICE;0.05--NOVE LOŽINE;0.01--MRTVICE;1.87--SLOVENSKA VAS;0.13--STARA CERKEV;0.11--SLOVENSKA VAS;0.29--STARA CERKEV;0.13--SLOVENSKA VAS;0.5--BREG PRI KOČEVJU;0.99--PODJETNIŠKO NASELJE KOČEVJE;0.59--LJUBLJANSKA CESTA;0.48--KOČEVJE;0.0--LJUBLJANSKA CESTA;0.21--KOLODVORSKA CESTA;0.38--TOMŠIČEVA CESTA;0.62
"Komunala Kranjska Gora, d.o.o.",Spodnje Rute 50,Kranjska Gora,4282 Gozd Martuljek,GORENJSKA,46.47919283;13.87602378,0,81.59,47,TRŽAŠKA CESTA;1.18--PRIKLJUČEK BREZOVICA;0.6--A1;1.83--A2;66.14--JESENICE - ZAHOD;0.35--PRIKLJUČEK JESENICE - ZAHOD;0.23--HRUŠICA;0.04--DOVJE;6.75--BELCA;2.96--GOZD MARTULJEK;0.73--BELCA;0.02--GOZD MARTULJEK;0.2--BELCA;0.06--GOZD MARTULJEK;0.13--BELCA;0.27--GOZD MARTULJEK;0.12
Komunala Nova Gorica d.d.,Dobrovo,Dobrovo,5212 Dobrovo,GORIŠKA,45.9988624;13.52961404,0,116.56,71,TRŽAŠKA CESTA;1.18--PRIKLJUČEK BREZOVICA;0.31--A1;53.2--H4;39.8--NOVA GORICA;0.19--PRIKLJUČEK NOVA GORICA;0.06--CESTA GORIŠKE FRONTE;0.05--ŠEMPETER PRI GORICI;2.19--VIPAVSKA CESTA;0.04--PRIKLJUČEK RONDO ROŽNA DOLINA;0.18--VIPAVSKA CESTA;0.87--PREDOR PANOVEC;0.26--VOJKOVA CESTA;1.54--OBVOZNICA;1.32--PREDOR ZAGRAD;0.22--VIADUKT ZAGRAD;0.05--OBVOZNICA;0.38--SOŠKA CESTA;0.14--SOLKAN;0.26--ŠMAVER;2.96--PODSABOTIN;3.76--HUM;1.42--KOJSKO;1.68--GONJAČE;0.94--ŠMARTNO;2.11--ZALI BREG;0.86--BILJANA;0.2--GORIŠKA CESTA;0.42
Komunala Nova Gorica d.d.,Miren,Miren,5292 Renče,GORIŠKA,45.89609069;13.60720015,0,100.42,55,TRŽAŠKA CESTA;1.18--PRIKLJUČEK BREZOVICA;0.31--A1;53.2--H4;41.54--VRTOJBA;0.12--MEDNARODNI PREHOD;0.39--;0.19--POD LAZAMI;0.06--;0.37--KROŽNA CESTA;0.26--;1.85--MIREN;0.95
Komunala Nova Gorica d.d.,Cesta 25. junija 1 A,Nova Gorica,5100 Nova Gorica,GORIŠKA,45.95417056;13.6553412,0,99.37,56,TRŽAŠKA CESTA;1.18--PRIKLJUČEK BREZOVICA;0.31--A1;53.2--H4;35.08--VOGRSKO;0.08--PRIKLJUČEK VOGRSKO;0.67--VOGRSKO;1.34--OZELJAN;2.12--ŠMIHEL;0.82--AJŠEVICA;1.44--LOKE;0.04--ROŽNA DOLINA;0.48--KROMBERK;2.15--CESTA 25. JUNIJA;0.46
Komunala Nova Gorica d.d.,Branik,Branik,5295 Branik,GORIŠKA,45.85496478;13.78824781,0,87.98,54,TRŽAŠKA CESTA;1.18--PRIKLJUČEK BREZOVICA;0.31--A1;53.2--H4;19.16--AJDOVŠČINA;0.35--MIRCE;1.06--AJDOVŠČINA;0.1--GORIŠKA CESTA;0.18--AJDOVŠČINA;0.02--GORIŠKA CESTA;0.01--CESTA;2.77--SKRILJE;0.15--DOBRAVLJE;1.35--POTOČE;3.15--BRJE;1.27--;1.09--PRESERJE;0.71--BRANIK;1.92
Komunala Nova Gorica d.d.,Stara Gora,Stara Gora,5100 Nova Gorica,GORIŠKA,46.59042011;15.89767858,0,161.76,88,TRŽAŠKA CESTA;1.18--PRIKLJUČEK BREZOVICA;0.6--A1;1.83--A2;3.8--RAZCEP KOSEZE;0.2--LJUBLJANSKA SEVERNA OBVOZNICA;9.72--RAZCEP ZADOBROVA;0.86--A1;121.57--A5;16.04--SPODNJA SENARSKA;0.21--PRIKLJUČEK SPODNJA SENARSKA;0.09--ZGORNJA SENARSKA;0.33--PTUJSKA CESTA;0.38--MARIBORSKA CESTA;1.36--TROJIŠKI TRG;0.4--SV. TROJICA V SLOV. GORICAH;0.02--RADGONSKA CESTA;0.32--SV. TROJICA V SLOV. GORICAH;0.06--ZGORNJE VERJANE;1.54--OSEK;0.83--STARA GORA;0.43
Komunala Nova Gorica d.d.,Renče,Renče,5292 Renče,GORIŠKA,45.8897305;13.66998046,0,96.86,55,TRŽAŠKA CESTA;1.18--PRIKLJUČEK BREZOVICA;0.31--A1;53.2--H4;35.08--VOGRSKO;0.08--PRIKLJUČEK VOGRSKO;0.67--VOGRSKO;2.61--DOMBRAVA;0.69--VOLČJA DRAGA;1.25--BUKOVICA;1.6--TRG;0.18
Komunala Nova Gorica d.d.,Cesta Goriške fronte 11,Šempeter,3311 Šempeter,SAVINJSKA,45.92968199;13.64111648,0,96.09,51,TRŽAŠKA CESTA;1.18--PRIKLJUČEK BREZOVICA;0.31--A1;53.2--H4;39.8--NOVA GORICA;0.19--PRIKLJUČEK NOVA GORICA;0.06--CESTA GORIŠKE FRONTE;1.22--ULICA PADLIH BORCEV;0.14
Komunala Nova Gorica d.d.,Kanal,Kanal,5213 Kanal,GORIŠKA,46.08789281;13.6347075,0,119.46,70,TRŽAŠKA CESTA;1.18--PRIKLJUČEK BREZOVICA;0.31--A1;53.2--H4;39.8--NOVA GORICA;0.19--PRIKLJUČEK NOVA GORICA;0.06--CESTA GORIŠKE FRONTE;0.05--ŠEMPETER PRI GORICI;2.19--VIPAVSKA CESTA;0.04--PRIKLJUČEK RONDO ROŽNA DOLINA;0.18--VIPAVSKA CESTA;0.87--PREDOR PANOVEC;0.26--VOJKOVA CESTA;1.54--OBVOZNICA;1.32--PREDOR ZAGRAD;0.22--VIADUKT ZAGRAD;0.05--OBVOZNICA;0.38--SOŠKA CESTA;1.34--SOLKAN;1.75--ZAGOMILA;5.23--ULICA IVANA GRADNIKA;2.24--GLOBNO;1.75--SREBRNIČEVA ULICA;1.45--RODEŽ;1.51--MORSKO;1.51--KANAL;0.04--VOJKOVA ULICA;0.51--STANIČEVA ULICA;0.11--GRADNIKOVA ULICA;0.19
Komunala Nova Gorica d.d.,Vrtojba,Vrtojba,5100 Nova Gorica,GORIŠKA,45.90885984;13.63639764,0,98.38,53,TRŽAŠKA CESTA;1.18--PRIKLJUČEK BREZOVICA;0.31--A1;53.2--H4;41.54--VRTOJBA;0.12--MEDNARODNI PREHOD;0.39--;0.19--POD LAZAMI;0.06--;0.37--OBMEJNA CESTA;0.15--KROŽNA CESTA;0.53--ULICA 9. SEPTEMBRA;0.04--ULICA ZAPUČKE;0.28
"Komunala Novo mesto d.o.o., JP",Leskovec 13,Leskovec,8273 Leskovec,SPODNJEPOSAVSKA,46.38699333;15.61577919,0,121.36,66,TRŽAŠKA CESTA;1.18--PRIKLJUČEK BREZOVICA;0.6--A1;1.83--A2;3.8--RAZCEP KOSEZE;0.2--LJUBLJANSKA SEVERNA OBVOZNICA;9.72--RAZCEP ZADOBROVA;0.86--A1;97.9--SLOVENSKA BISTRICA - SEVER;0.2--PRIKLJUČEK SLOVENSKA BISTRICA - SEVER;0.5--POKOŠE;1.5--SPODNJA POLSKAVA;0.45--;0.27--LESKOVEC;2.35
"Komunala Novo mesto d.o.o., JP",Podbevškova ulica 12,Novo mesto,8000 Novo mesto,JUGOVZHODNA,45.80458943;15.19814025,0,75.68,42,TRŽAŠKA CESTA;1.18--PRIKLJUČEK BREZOVICA;0.6--A1;2.35--A1:A2;8.24--A2;57.09--NOVO MESTO - VZHOD;0.11--PRIKLJUČEK NOVO MESTO - VZHOD;0.23--NA BREZOVICI;0.33--ZAGREBŠKA CESTA;0.97--ANDRIJANIČEVA CESTA;1.05--LEVIČNIKOVA CESTA;1.77--ŠENTJERNEJSKA CESTA;1.26--PODBEVŠKOVA ULICA;0.51
Komunala Radovljica d.o.o.,Radovljica,Radovljica,4240 Radovljica,GORENJSKA,46.3424526;14.17205637,0,53.52,29,TRŽAŠKA CESTA;1.18--PRIKLJUČEK BREZOVICA;0.6--A1;1.83--A2;46.81--RADOVLJICA;0.65--PRIKLJUČEK RADOVLJICA;0.2--GORICA;0.4--RADOVLJICA;0.83--;0.12--KRANJSKA CESTA;0.73--GORENJSKA CESTA;0.17
Komunala Slovenska Bistrica d.o.o.,Leonova ulica 13,Slovenska Bistrica,2310 Slovenska Bistrica,PODRAVSKA,46.38336685;15.56528188,0,115.3,61,TRŽAŠKA CESTA;1.18--PRIKLJUČEK BREZOVICA;0.6--A1;1.83--A2;3.8--RAZCEP KOSEZE;0.2--LJUBLJANSKA SEVERNA OBVOZNICA;9.72--RAZCEP ZADOBROVA;0.86--A1;95.28--SLOVENSKA BISTRICA - JUG;0.14--PRIKLJUČEK SLOVENSKA BISTRICA JUG;0.8--LJUBLJANSKA CESTA;0.71--STEPIŠNIKOVA ULICA;0.03--LEONOVA ULICA;0.14
Komunala Tolmin JP d.d.,Poljubinj 89 H,Tolmin,5220 Tolmin,GORIŠKA,46.18132789;13.74706134,0,95.08,76,TRŽAŠKA CESTA;1.18--PRIKLJUČEK BREZOVICA;0.31--A1;20.4--LOGATEC;3.36--CESTA TALCEV;0.01--LOGATEC;0.02--TRŽAŠKA CESTA;2.13--KALCE;3.7--RAVNIK PRI HOTEDRŠICI;2.05--HOTEDRŠICA;2.18--NOVI SVET;2.65--GODOVIČ;6.18--JELIČNI VRH;4.25--GREGORČIČEVA ULICA;2.58--VOJKOVA ULICA;1.99--SPODNJA IDRIJA;0.23--NA VASI;0.14--IDRIJSKA CESTA;1.11--NA VASI;0.22--SLOVENSKA CESTA;0.44--TOLMINSKA CESTA;3.93--TRAVNIK;0.11--JAZNE;0.44--TRAVNIK;0.01--JAZNE;0.16--TRAVNIK;1.52--OTALEŽ;0.55--TRAVNIK;0.03--PLUŽNJE;2.22--STRAŽA;2.57--REKA;4.86--STOPNIK;6.0--DOLENJA TREBUŠA;3.86--ROČE;1.67--SLAP OB IDRIJCI;2.08--IDRIJA PRI BAČI;2.46--BAČA PRI MODREJU;1.43--MOST NA SOČI;1.65--MODREJ;1.54--PRAPETNO;0.72--POLJUBINJ;2.16
Komunala Trebnje d.o.o.,Hudeje 40,Trebnje,8210 Trebnje,JUGOVZHODNA,45.93623765;15.02808968,0,58.08,36,TRŽAŠKA CESTA;1.18--PRIKLJUČEK BREZOVICA;0.6--A1;2.35--A1:A2;8.24--A2;36.86--TREBNJE - ZAHOD;0.19--PRIKLJUČEK TREBNJE - ZAHOD;0.39--BREZA;0.64--ŠTEFAN PRI TREBNJEM;0.96--BENEČIJA;0.9--CESTA VILME BUKOVEC;0.38--TREBNJE;0.19--BARAGOV TRG;0.22--RIMSKA CESTA;0.01--GOLIEV TRG;0.09--KIDRIČEVA ULICA;0.43--ROŽNA ULICA;0.02--KIDRIČEVA ULICA;0.48--PEKEL;0.79--RAČJE SELO;0.97--HUDEJE;0.07--VEJAR;0.28--HUDEJE;1.84
"Komunala Zagorje, d.o.o.",Dolenja vas,Zagorje ob Savi,1410 Zagorje ob Savi,ZASAVSKA,46.13230642;14.99026083,0,63.15,42,TRŽAŠKA CESTA;1.18--PRIKLJUČEK BREZOVICA;0.6--A1;1.83--A2;3.8--RAZCEP KOSEZE;0.2--LJUBLJANSKA SEVERNA OBVOZNICA;9.72--RAZCEP ZADOBROVA;0.86--A1;31.98--TROJANE;0.14--V ZIDEH;0.23--PREDOR V ZIDEH;0.31--V ZIDEH;0.38--POLŠINA;0.46--HRASTNIK PRI TROJANAH;0.21--POLŠINA;0.01--HRASTNIK PRI TROJANAH;0.14--POLŠINA;0.47--HRASTNIK PRI TROJANAH;0.11--POLŠINA;0.02--HRASTNIK PRI TROJANAH;0.05--POLŠINA;0.04--HRASTNIK PRI TROJANAH;0.02--POLŠINA;0.07--HRASTNIK PRI TROJANAH;0.01--POLŠINA;0.13--OREHOVICA;1.64--PODLIPOVICA;0.69--MEDIJSKE TOPLICE;0.42--IZLAKE;0.71--OBREZIJA;0.79--SPODNJE IZLAKE;0.96--IZLAKE;0.32--LOKE PRI ZAGORJU;0.99--BOROVNIŠKO NASELJE;0.48--TRG POHORSKEGA BATALJONA;0.17--RUDARSKA CESTA;0.08--PETELINKARJEVA CESTA;0.38--PODKRAJ PRI ZAGORJU;0.11--LOKE PRI ZAGORJU;0.04--PODKRAJ PRI ZAGORJU;0.4--LOKE PRI ZAGORJU;0.48--CESTA OTONA ŽUPANČIČA;0.57--EBERLOVA CESTA;0.18--OKROGARJEVA KOLONIJA;0.17--PREČNA POT;0.23--DOLENJA VAS;0.34
KOP Brežice d.d.,Boršt,Brežice,8263 Cerklje ob Krki,SPODNJEPOSAVSKA,45.59832867;15.27055671,0,107.78,74,TRŽAŠKA CESTA;1.18--PRIKLJUČEK BREZOVICA;0.6--A1;2.35--A1:A2;8.24--A2;57.09--NOVO MESTO - VZHOD;0.11--PRIKLJUČEK NOVO MESTO - VZHOD;0.23--NA BREZOVICI;0.33--ZAGREBŠKA CESTA;0.97--ANDRIJANIČEVA CESTA;1.05--LEVIČNIKOVA CESTA;1.77--BELOKRANJSKA CESTA;2.65--ČRMOŠNJICE PRI STOPIČAH;1.5--DOLNJA TEŽKA VODA;1.48--KOROŠKA VAS;1.82--VINJA VAS;5.51--PRELAZ VAHTA;0.41--IGLENIK;0.66--JUGORJE PRI METLIKI;1.36--BOŽIČ VRH;0.38--ŠKEMLJEVEC;0.49--DOLE;0.03--MAČKOVEC PRI SUHORJU;0.02--DOLE;1.34--HRAST PRI JUGORJU;0.97--BEREČA VAS;0.88--DOLNJI SUHOR PRI METLIKI;0.34--BEREČA VAS;1.11--BUŠINJA VAS;0.3--DOLNJA LOKVICA;0.91--GORNJA LOKVICA;0.32--TRNOVEC;1.24--METLIKA;0.04--BOČKA;1.32--CESTA XV. BRIGADE;1.13--METLIKA;0.58--KRIŽEVSKA VAS;2.13--PRIMOSTEK;1.08--GRM PRI PODZEMLJU;0.38--OTOK;0.05--GRM PRI PODZEMLJU;0.8--PODZEMELJ;1.25--ŠKRILJE;0.68--;0.53--BORŠT;0.16
KP Ilirska Bistrica,Prešernova ulica 7,Ilirska Bistrica,6250 Ilirska Bistrica,NOTRANJO-KRAŠKA,46.22848996;15.26454751,0,86.59,51,TRŽAŠKA CESTA;1.18--PRIKLJUČEK BREZOVICA;0.6--A1;1.83--A2;3.8--RAZCEP KOSEZE;0.2--LJUBLJANSKA SEVERNA OBVOZNICA;9.72--RAZCEP ZADOBROVA;0.86--A1;61.49--CELJE - ZAHOD;0.48--PRIKLJUČEK LOPATA;0.02--LOPATA;0.47--MEDLOG;2.96--CELJE;1.59--ČOPOVA ULICA;0.26--LJUBLJANSKA CESTA;0.84--TRG CELJSKIH KNEZOV;0.04--PREŠERNOVA ULICA;0.24
KP Ormož d.o.o.,Hardek 21 C,Ormož,2270 Ormož,PODRAVSKA,46.41322794;16.15806739,0,173.46,98,TRŽAŠKA CESTA;1.18--PRIKLJUČEK BREZOVICA;0.6--A1;1.83--A2;3.8--RAZCEP KOSEZE;0.2--LJUBLJANSKA SEVERNA OBVOZNICA;9.72--RAZCEP ZADOBROVA;0.86--A1;108.26--A4;18.87--RAZCEP DRAŽENCI;0.62--OBVOZNICA;2.75--PUHOV MOST;0.46--OBVOZNICA;0.55--ORMOŠKA CESTA;1.35--SPUHLJA;2.76--BOROVCI;1.61--MEZGOVCI OB PESNICI;1.65--MOŠKANJCI;0.46--CUNKOVCI;0.06--MOŠKANJCI;1.58--GORIŠNICA;2.53--ZAMUŠANI;0.66--OSLUŠEVCI;0.87--CVETKOVCI;1.61--TRGOVIŠČE;0.21--CVETKOVCI;0.09--TRGOVIŠČE;1.94--MIHOVCI PRI VEL. NEDELJI;2.24--ORMOŽ;0.15--OBVOZNICA ORMOŽ;3.03--LJUTOMERSKA CESTA;0.33--ORMOŽ;0.01--LJUTOMERSKA CESTA;0.09--ORMOŽ;0.06--HARDEK;0.44
KP Tržič d.o.o.,Pristava,Pristava,3253 Pristava,SAVINJSKA,45.73292076;15.19102917,0,83.8,51,TRŽAŠKA CESTA;1.18--PRIKLJUČEK BREZOVICA;0.6--A1;2.35--A1:A2;8.24--A2;57.09--NOVO MESTO - VZHOD;0.11--PRIKLJUČEK NOVO MESTO - VZHOD;0.23--NA BREZOVICI;0.33--ZAGREBŠKA CESTA;0.97--ANDRIJANIČEVA CESTA;1.05--LEVIČNIKOVA CESTA;1.77--BELOKRANJSKA CESTA;2.65--ČRMOŠNJICE PRI STOPIČAH;1.5--DOLNJA TEŽKA VODA;1.48--KOROŠKA VAS;3.31--PRISTAVA;0.96
KP Vrhnika d.d.,Pot na Tojnice 40,Vrhnika,1360 Vrhnika,OSREDNJESLOVENSKA,45.97403252;14.3131743,0,15.5,10,TRŽAŠKA CESTA;1.18--PRIKLJUČEK BREZOVICA;0.31--A1;12.1--VRHNIKA;0.27--PRIKLJUČEK VRHNIKA;0.21--LJUBLJANSKA CESTA;0.29--OPEKARSKA CESTA;0.4--POT NA TOJNICE;0.75
KSD d.o.o. Ajdovščina,Dolga Poljana 1 I,Ajdovščina,5271 Vipava,GORIŠKA,45.869709;13.92019393,0,73.55,41,TRŽAŠKA CESTA;1.18--PRIKLJUČEK BREZOVICA;0.31--A1;53.2--H4;12.77--VIPAVA;0.16--GORIŠKA CESTA;0.06--VIPAVA;0.02--GORIŠKA CESTA;2.23--ZEMONO;0.56--DUPLJE;1.0--BUDANJE;0.6--DOLGA POLJANA;0.89--;0.56
KSP d.d. Sežana,Pod kostanji 4,Komen,6223 Komen,OBALNO-KRAŠKA,46.18900031;14.5314561,0,25.71,18,TRŽAŠKA CESTA;1.18--PRIKLJUČEK BREZOVICA;0.6--A1;1.83--A2;17.11--VODICE;0.18--PRIKLJUČEK VODICE;0.25--ŠKOFJELOŠKA CESTA;0.28--VODICE;0.03--KOPITARJEV TRG;0.17--VODIŠKA CESTA;0.87--VODICE;0.49--BUKOVICA PRI VODICAH;0.21--BREG PRI KOMENDI;0.24--ŽEJE PRI KOMENDI;1.14--;0.28--POD GABRI;0.57--POD BORI;0.27
KSP d.d. Sežana,Partizanska cesta 2,Sežana,6210 Sežana,OBALNO-KRAŠKA,46.520691;14.85248253,0,115.83,90,TRŽAŠKA CESTA;1.18--PRIKLJUČEK BREZOVICA;0.6--A1;1.83--A2;3.8--RAZCEP KOSEZE;0.2--LJUBLJANSKA SEVERNA OBVOZNICA;9.72--RAZCEP ZADOBROVA;0.86--A1;49.72--ŠENTRUPERT;0.29--ORLA VAS;0.24--TRNAVA;0.79--ORLA VAS;0.32--TOPOVLJE;0.92--PARIŽLJE;1.39--PRESERJE;0.26--PARIŽLJE;0.65--MALE BRASLOVČE;1.36--LETUŠ;4.27--LJUBIJA;2.75--MOZIRJE;0.08--CESTA NA LEPO NJIVO;0.17--LJUBIJA;0.98--BREZJE;1.2--LEPA NJIVA;3.66--;0.55--BELE VODE;0.33--;1.17--ŠMIHEL NAD MOZIRJEM;0.39--BELE VODE;2.46--;6.22--LUDRANSKI VRH;3.62--;0.34--BISTRA;0.01--;0.83--BISTRA;0.02--;0.11--BISTRA;0.02--;2.45--PRISTAVA;1.78--CENTER;0.8--RUDARJEVO;0.46--MUŠENIK;0.98--ŽERJAV;2.03--PLAT;1.02--BREG;1.16--POLENA;0.57--GLANČNIK;0.27--MEŽICA;0.31--PARTIZANSKA CESTA;0.59--MALGAJEVA ULICA;0.12
KSP d.d. Sežana,Ob Dolu 17,Kozina,6240 Kozina,OBALNO-KRAŠKA,45.60643913;13.93654288,0,76.32,38,TRŽAŠKA CESTA;1.18--PRIKLJUČEK BREZOVICA;0.31--A1;72.8--KOZINA;0.35--PRIKLJUČEK KOZINA;0.44--OBVOZNA CESTA;0.12--OBRTNIŠKA ULICA;0.15--POD VIDEŽEM;0.07--BAZOVIŠKA CESTA;0.05--KOZINA;0.19--HRPELJE;0.1--OB DOLU;0.55
KSP KOSTAK d.d.,Cesta 4. julija 134 A,Krško,8270 Krško,SPODNJEPOSAVSKA,45.94822282;15.51134771,0,102.88,56,TRŽAŠKA CESTA;1.18--PRIKLJUČEK BREZOVICA;0.6--A1;2.35--A1:A2;8.24--A2;82.84--DRNOVO;0.38--PRIKLJUČEK DRNOVO;0.63--DRNOVO;0.07--VELIKA VAS PRI KRŠKEM;1.14--LESKOVEC PRI KRŠKEM;1.26--ULICA 11. NOVEMBRA;0.25--CESTA KRŠKIH ŽRTEV;0.89--ŽADOVINEK;0.63--;0.33--VRBINA;1.06--;0.47--CESTA 4. JULIJA;0.56
KSP Ljutomer d.o.o.,Ulica Rada Pušenjaka 9,Ljutomer,9240 Ljutomer,POMURSKA,46.52630844;16.18488707,0,188.93,105,TRŽAŠKA CESTA;1.18--PRIKLJUČEK BREZOVICA;0.6--A1;1.83--A2;3.8--RAZCEP KOSEZE;0.2--LJUBLJANSKA SEVERNA OBVOZNICA;9.72--RAZCEP ZADOBROVA;0.86--A1;121.57--A5;37.52--VUČJA VAS;0.12--PRIKLJUČEK VUČJA VAS;0.19--BUČEČOVCI;1.0--STARA NOVA VAS;1.28--ILJAŠEVCI;0.81--KRIŽEVCI PRI LJUTOMERU;1.47--BORECI;0.27--KLJUČAROVCI PRI LJUTOMERU;0.91--LUKAVCI;1.52--NORŠINCI PRI LJUTOMERU;2.16--BABINCI;0.01--NORŠINCI PRI LJUTOMERU;0.02--KOLODVORSKA ULICA;0.14--LJUTOMER;0.03--KOLODVORSKA ULICA;1.0--ULICA RADA PUŠENJAKA;0.73
Loška Komunala d.d.,Kidričeva cesta 43 A,Škofja Loka,4220 Škofja Loka,GORENJSKA,46.17224581;14.32298242,0,26.92,24,TRŽAŠKA CESTA;1.18--PRIKLJUČEK BREZOVICA;0.6--A1;1.83--A2;6.17--LJ. ŠENTVID;1.04--CELOVŠKA CESTA;1.09--LJUBLJANA;0.14--DVOR;0.02--LJUBLJANA;0.2--DVOR;0.25--STANEŽIČE;1.34--MEDNO;1.59--SENIČICA;0.12--GORENJSKA CESTA;3.36--SPODNJA SENICA;0.82--GORENJA VAS - RETEČE;0.24--PODREČA;0.26--GORENJA VAS - RETEČE;0.78--ZGORNJA SENICA;0.14--GORENJA VAS - RETEČE;0.86--RETEČE;1.01--GODEŠIČ;1.53--HAFNERJEVO NASELJE;1.09--LJUBLJANSKA CESTA;0.76--KIDRIČEVA CESTA;0.28--GRENC;0.09--KIDRIČEVA CESTA;0.11
Občina Bohinj,Rožna ulica 18,Bohinjska Bistrica,4264 Bohinjska Bistrica,GORENJSKA,46.26835863;13.95704772,0,79.89,52,TRŽAŠKA CESTA;1.18--PRIKLJUČEK BREZOVICA;0.6--A1;1.83--A2;50.94--LESCE;0.13--PRIKLJUČEK LESCE;0.53--LESCE;2.0--LJUBLJANSKA CESTA;2.11--CESTA SVOBODE;2.87--BOHINJSKA BELA;1.29--KUPLJENIK;2.42--OBRNE;1.17--KUPLJENIK;0.13--OBRNE;0.05--KUPLJENIK;0.03--OBRNE;0.26--NEMŠKI ROVT;1.26--NOMENJ;6.87--LOG V BOHINJU;0.28--LEPENCE;0.92--BITNJE;1.37--SAVSKA CESTA;0.92--TRIGLAVSKA CESTA;0.3--JELOVŠKA CESTA;0.24--ROŽNA ULICA;0.17
Občina Gorenja vas-Poljane,Poljanska cesta 87,Gorenja vas,4224 Gorenja vas,GORENJSKA,46.10562846;14.13852162,0,34.56,36,TRŽAŠKA CESTA;1.63--VRHNIŠKA CESTA;1.14--LJUBLJANSKA CESTA;1.12--LOŠKA CESTA;2.66--LESNO BRDO;1.76--DRENOV GRIČ;0.61--LESNO BRDO;2.69--ZAKLANEC;1.19--LJUBLJANSKA CESTA;1.56--LJUBGOJNA;0.75--VRZDENEC;2.79--SAMOTORICA;0.01--VRZDENEC;0.17--SAMOTORICA;0.02--VRZDENEC;0.26--SAMOTORICA;0.06--VRZDENEC;0.08--SAMOTORICA;0.01--VRZDENEC;0.04--SAMOTORICA;1.36--ŠENTJOŠT NAD HORJULOM;0.15--BUTAJNOVA;0.63--ŠENTJOŠT NAD HORJULOM;0.03--BUTAJNOVA;0.32--ŠENTJOŠT NAD HORJULOM;0.02--BUTAJNOVA;0.52--ŠENTJOŠT NAD HORJULOM;2.24--PLANINA NAD HORJULOM;0.21--GOLI VRH;0.47--DOLGE NJIVE;0.68--LUČINE;1.04--PRELESJE;0.06--LUČINE;0.03--PRELESJE;1.18--BREBOVNICA;0.02--PRELESJE;0.03--BREBOVNICA;0.28--PRELESJE;0.1--BREBOVNICA;2.04--ŽIROVSKI VRH SV. URBANA;0.01--TODRAŽ;1.53--GORENJA DOBRAVA;1.36--DOLENJA DOBRAVA;0.52--SESTRANSKA VAS;0.55--GORENJA VAS;0.19--POLJANSKA CESTA;0.43
Občina Hoče- Slivnica,Pohorska cesta 15,Slivnica,2312 Slivnica,PODRAVSKA,46.51112548;15.08260135,0,116.97,74,TRŽAŠKA CESTA;1.18--PRIKLJUČEK BREZOVICA;0.6--A1;1.83--A2;3.8--RAZCEP KOSEZE;0.2--LJUBLJANSKA SEVERNA OBVOZNICA;9.72--RAZCEP ZADOBROVA;0.86--A1;59.39--ŽALEC;0.23--MALA PIREŠICA;0.98--VELIKA PIREŠICA;2.9--STUDENCE;2.65--ČRNOVA;1.89--VINSKA GORA;1.5--PIREŠICA;1.09--LIPJE;0.08--ČRNOVA;0.6--BEVČE;0.77--CELJSKA CESTA;0.8--KOŽELJSKEGA ULICA;0.33--CESTA IV;0.06--CESTA III;0.08--CESTA II;0.07--CESTA I;0.09--GORIŠKA CESTA;0.27--ŠALEK;0.15--PREDOR ŠALEK;0.12--ŠALEK;1.03--SELO;0.84--PAKA PRI VELENJU;3.83--KOZJAK;0.04--PAKA PRI VELENJU;1.26--KOZJAK;0.77--ZAVRŠE;0.51--KOZJAK;0.21--ZAVRŠE;0.24--KOZJAK;0.01--ZAVRŠE;0.13--GORNJI DOLIČ;0.42--ZAVRŠE;0.03--GORNJI DOLIČ;1.2--MOVŽE;1.71--ŠENTLENART;0.57--STRAŽE;1.13--MISLINJA;0.01--STRAŽE;1.44--MISLINJA;0.01--STRAŽE;0.16--MISLINJA;0.12--MISLINJSKA DOBRAVA;3.79--TOMAŠKA VAS;0.58--ŠMARTNO PRI SLOVENJ GRADCU;2.82--SLOVENJ GRADEC (OBVOZNICA);1.66--POHORSKA CESTA;0.11--BERNEKARJEVA ULICA;0.13
Občina Rače- Fram,Rače,Rače-Fram,2327 Rače,PODRAVSKA,46.4528243;15.6811525,0,126.06,67,TRŽAŠKA CESTA;1.18--PRIKLJUČEK BREZOVICA;0.6--A1;1.83--A2;3.8--RAZCEP KOSEZE;0.2--LJUBLJANSKA SEVERNA OBVOZNICA;9.72--RAZCEP ZADOBROVA;0.86--A1;105.11--FRAM;0.29--PRIKLJUČEK FRAM;0.03--FRAM;0.18--TURNERJEVA ULICA;0.35--LJUBLJANSKA CESTA;1.48--RAČE;0.35--ULICA LACKOVE ČETE;0.07
Občina Železniki,Železniki,Železniki,4228 Železniki,GORENJSKA,46.21817985;14.15917595,0,44.65,42,TRŽAŠKA CESTA;1.18--PRIKLJUČEK BREZOVICA;0.6--A1;1.83--A2;6.17--LJ. ŠENTVID;1.04--CELOVŠKA CESTA;1.09--LJUBLJANA;0.14--DVOR;0.02--LJUBLJANA;0.2--DVOR;0.25--STANEŽIČE;1.34--MEDNO;1.59--SENIČICA;0.12--GORENJSKA CESTA;3.36--SPODNJA SENICA;0.82--GORENJA VAS - RETEČE;0.24--PODREČA;0.26--GORENJA VAS - RETEČE;0.78--ZGORNJA SENICA;0.14--GORENJA VAS - RETEČE;0.86--RETEČE;1.01--GODEŠIČ;1.53--HAFNERJEVO NASELJE;1.09--LJUBLJANSKA CESTA;0.79--KIDRIČEVA CESTA;0.88--KAPUCINSKI TRG;0.61--PODLUBNIK;0.45--STARA LOKA;0.52--BINKELJ;0.1--ŠKOFJA LOKA;0.12--VEŠTER;0.01--ŠKOFJA LOKA;0.01--VEŠTER;0.02--ŠKOFJA LOKA;0.32--VEŠTER;2.77--PRAPROTNO;2.37--BUKOVICA;2.26--DOLENJA VAS;1.89--SELCA;2.49--STUDENO;1.3--ŽELEZNIKI;0.24--ČEŠNJICA;0.27--OTOKI;0.59--TRNJE;0.6--NA PLAVŽU;0.38
Občina Žiri,Žiri,Žiri,4226 Žiri,GORENJSKA,46.04596194;14.10827295,0,40.97,35,TRŽAŠKA CESTA;1.18--PRIKLJUČEK BREZOVICA;0.31--A1;12.1--VRHNIKA;0.27--PRIKLJUČEK VRHNIKA;0.21--LJUBLJANSKA CESTA;0.28--TRŽAŠKA CESTA;2.75--VRHNIKA;2.05--;0.39--STRMICA;1.76--JERINOV GRIČ;0.55--PREZID;0.89--ZAPLANA - DEL;1.06--PETKOVEC;0.07--ZAPLANA - DEL;0.06--PETKOVEC;0.04--ZAPLANA - DEL;0.29--PETKOVEC;0.03--ZAPLANA - DEL;0.12--PETKOVEC;2.98--ROVTE;0.06--PETKOVEC;0.48--ROVTE;5.32--HLEVIŠE;1.21--IZGORJE;0.77--PODKLANEC;0.97--BREKOVICE;2.37--LOGAŠKA CESTA;1.8--STAROŽIROVSKA CESTA;0.29--ŽIRI;0.07--JOBSTOVA CESTA;0.24
"OKP - JPKS Rogaška Slatina, d.o.o.",Celjska cesta 12,Rogaška Slatina,3250 Rogaška Slatina,SAVINJSKA,46.22923877;15.51678694,0,110.21,66,TRŽAŠKA CESTA;1.18--PRIKLJUČEK BREZOVICA;0.6--A1;1.83--A2;3.8--RAZCEP KOSEZE;0.2--LJUBLJANSKA SEVERNA OBVOZNICA;9.72--RAZCEP ZADOBROVA;0.86--A1;75.43--DRAMLJE;0.2--PRIKLJUČEK DRAMLJE;0.11--LAZE PRI DRAMLJAH;0.42--TRNOVEC PRI DRAMLJAH;0.79--DOLE;1.83--LOKARJE;1.04--ŠENTJUR;1.38--PREŠERNOVA ULICA;0.27--TRUBARJEVA ULICA;0.07--CESTA KOZJANSKEGA ODREDA;0.48--CESTA NA KMETIJSKO ŠOLO;1.12--BEZOVJE PRI ŠENTJURJU;0.38--STOPČE;1.07--GROBELNO - DEL;1.97--ZAVRŠE PRI GROBELNEM;0.08--ŠENTVID PRI GROBELNEM;1.28--BODRIŠNA VAS;1.3--SENOVICA;1.23--ZADRŽE;0.25--CELJSKA CESTA;1.31
Publicus d.o.o.,Neverke 56 X,Pivka,6257 Pivka,NOTRANJO-KRAŠKA,45.67412725;14.13790052,0,59.94,38,TRŽAŠKA CESTA;1.18--PRIKLJUČEK BREZOVICA;0.31--A1;41.88--POSTOJNA;0.25--PRIKLJUČEK POSTOJNA;0.14--REŠKA CESTA;0.64--RAKITNIK;1.51--MATENJA VAS;1.03--REŠKA CESTA;2.03--SLAVINA;0.37--ŽEJE;0.35--SELCE;1.6--PETELINJE;1.18--POSTOJNSKA CESTA;0.56--KOLODVORSKA CESTA;2.94--PIVKA;0.46--KAL;2.75--NEVERKE;0.49--;0.27
Publicus d.o.o.,Jeršice 3,Postojna,6230 Postojna,NOTRANJO-KRAŠKA,45.77921973;14.2202472,0,47.04,26,TRŽAŠKA CESTA;1.18--PRIKLJUČEK BREZOVICA;0.31--A1;41.88--POSTOJNA;0.25--PRIKLJUČEK POSTOJNA;0.15--REŠKA CESTA;0.9--TITOVA CESTA;1.31--TITOV TRG;0.05--LJUBLJANSKA CESTA;0.29--KOLODVORSKA CESTA;0.36--JERŠICE;0.33
Publicus d.o.o.,Dolenji Suhadol 7,Brusnice,8321 Brusnice,JUGOVZHODNA,45.80666934;15.27912652,0,80.72,49,TRŽAŠKA CESTA;1.18--PRIKLJUČEK BREZOVICA;0.6--A1;2.35--A1:A2;8.24--A2;57.09--NOVO MESTO - VZHOD;0.11--PRIKLJUČEK NOVO MESTO - VZHOD;0.23--NA BREZOVICI;0.33--ZAGREBŠKA CESTA;0.13--OTOŠKA CESTA;1.75--NOVO MESTO;0.31--LEŠNICA;0.59--OTOČEC;0.72--NAD KRKO;0.1--ŠENTPETER;0.4--GUMBERK;1.66--RATEŽ;0.92--MALE BRUSNICE;0.83--VELIKE BRUSNICE;1.03--LESKOVEC;0.45--;0.02--LESKOVEC;1.41--DOLENJI SUHADOL;0.29
PUP Saubermacher Velenje d.d.,Koroška cesta 37 B,Velenje,3320 Velenje,SAVINJSKA,46.36888346;15.10294364,0,94.03,56,TRŽAŠKA CESTA;1.18--PRIKLJUČEK BREZOVICA;0.6--A1;1.83--A2;3.8--RAZCEP KOSEZE;0.2--LJUBLJANSKA SEVERNA OBVOZNICA;9.72--RAZCEP ZADOBROVA;0.86--A1;59.39--ŽALEC;0.23--MALA PIREŠICA;0.98--VELIKA PIREŠICA;2.9--STUDENCE;2.65--ČRNOVA;1.89--VINSKA GORA;1.5--PIREŠICA;1.09--LIPJE;0.08--ČRNOVA;0.6--BEVČE;0.77--CELJSKA CESTA;1.94--ŠALEŠKA CESTA;0.07--CESTA FRANTIŠKA FOITA;0.39--CESTA TALCEV;0.42--KOROŠKA CESTA;0.2--CESTA POD PARKOM;0.62--KOROŠKA CESTA;0.12
PUP Saubermacher Velenje d.d.,Koroška cesta 37 B,Velenje,3320 Velenje,SAVINJSKA,46.36888346;15.10294364,0,94.03,56,TRŽAŠKA CESTA;1.18--PRIKLJUČEK BREZOVICA;0.6--A1;1.83--A2;3.8--RAZCEP KOSEZE;0.2--LJUBLJANSKA SEVERNA OBVOZNICA;9.72--RAZCEP ZADOBROVA;0.86--A1;59.39--ŽALEC;0.23--MALA PIREŠICA;0.98--VELIKA PIREŠICA;2.9--STUDENCE;2.65--ČRNOVA;1.89--VINSKA GORA;1.5--PIREŠICA;1.09--LIPJE;0.08--ČRNOVA;0.6--BEVČE;0.77--CELJSKA CESTA;1.94--ŠALEŠKA CESTA;0.07--CESTA FRANTIŠKA FOITA;0.39--CESTA TALCEV;0.42--KOROŠKA CESTA;0.2--CESTA POD PARKOM;0.62--KOROŠKA CESTA;0.12
PUP Saubermacher Velenje d.d.,Letuš 12,Šmartno ob Paki,3327 Šmartno ob Paki,SAVINJSKA,46.3135862;15.02562029,0,75.47,44,TRŽAŠKA CESTA;1.18--PRIKLJUČEK BREZOVICA;0.6--A1;1.83--A2;3.8--RAZCEP KOSEZE;0.2--LJUBLJANSKA SEVERNA OBVOZNICA;9.72--RAZCEP ZADOBROVA;0.86--A1;49.72--ŠENTRUPERT;0.29--ORLA VAS;0.24--TRNAVA;0.79--ORLA VAS;0.32--TOPOVLJE;0.92--PARIŽLJE;1.39--PRESERJE;0.26--PARIŽLJE;0.65--MALE BRASLOVČE;1.36--LETUŠ;1.34
PUP Saubermacher Velenje d.d.,Primorska cesta 8 A,Šoštanj,3325 Šoštanj,SAVINJSKA,46.37948718;15.0374703,0,88.22,57,TRŽAŠKA CESTA;1.18--PRIKLJUČEK BREZOVICA;0.6--A1;1.83--A2;3.8--RAZCEP KOSEZE;0.2--LJUBLJANSKA SEVERNA OBVOZNICA;9.72--RAZCEP ZADOBROVA;0.86--A1;49.72--ŠENTRUPERT;0.29--ORLA VAS;0.24--TRNAVA;0.79--ORLA VAS;0.32--TOPOVLJE;0.92--PARIŽLJE;1.39--PRESERJE;0.26--PARIŽLJE;0.65--MALE BRASLOVČE;1.36--LETUŠ;3.19--REČICA OB PAKI;0.38--ŠMARTNO OB PAKI;2.19--GAVCE;0.71--ŠMARTNO OB PAKI;0.04--PAŠKA VAS;0.45--GORENJE;0.73--SKORNO;1.72--LOKOVICA;3.39--CESTA TALCEV;0.58--PRIMORSKA CESTA;0.71
SAUBERMACHER Komunala d.o.o.,Kopališka ulica 2,Murska Sobota,9000 Murska Sobota,POMURSKA,46.40347467;15.79704311,0,133.41,73,TRŽAŠKA CESTA;1.18--PRIKLJUČEK BREZOVICA;0.6--A1;1.83--A2;3.8--RAZCEP KOSEZE;0.2--LJUBLJANSKA SEVERNA OBVOZNICA;9.72--RAZCEP ZADOBROVA;0.86--A1;97.9--SLOVENSKA BISTRICA - SEVER;0.2--PRIKLJUČEK SLOVENSKA BISTRICA - SEVER;0.5--POKOŠE;1.5--SPODNJA POLSKAVA;1.26--PRAGERSKO;0.63--SPODNJA POLSKAVA;1.53--GAJ;1.09--SPODNJA GORICA;0.78--STRAŽGONJCA;1.12--ŠIKOLE;1.17--PONGRCE;0.54--SPODNJE JABLANE;0.51--CIRKOVCE;0.75--DRAGONJA VAS;0.06--CIRKOVCE;0.17--DRAGONJA VAS;0.12--MIHOVCE;0.06--CIRKOVCE;0.51--PLETERJE;0.89--STRNIŠČE;1.17--KIDRIČEVO;1.37--NJIVERCE;0.94--TOVARNIŠKA CESTA;0.33--KOPALIŠKA ULICA;0.11
SAUBERMACHER Komunala d.o.o.,Cvetlična ulica 1,Orehova vas,2312 Orehova vas,PODRAVSKA,46.30090605;15.49978271,0,111.03,62,TRŽAŠKA CESTA;1.18--PRIKLJUČEK BREZOVICA;0.6--A1;1.83--A2;3.8--RAZCEP KOSEZE;0.2--LJUBLJANSKA SEVERNA OBVOZNICA;9.72--RAZCEP ZADOBROVA;0.86--A1;86.45--SLOVENSKE KONJICE;0.11--PRIKLJUČEK SLOVENSKE KONJICE;0.6--TEPANJE;0.23--DRAŽA VAS;2.23--ŽIČE;2.1--LOČE;0.47--MLINSKA ULICA;0.11--LOČE;0.23--SLOMŠKOVA ULICA;0.29
SAUBERMACHER Komunala d.o.o. ZC Beltinci,Mladinska ulica 2,Beltinci,9231 Beltinci,POMURSKA,46.6190244;16.14473647,0,185.97,99,TRŽAŠKA CESTA;1.18--PRIKLJUČEK BREZOVICA;0.6--A1;1.83--A2;3.8--RAZCEP KOSEZE;0.2--LJUBLJANSKA SEVERNA OBVOZNICA;9.72--RAZCEP ZADOBROVA;0.86--A1;121.57--A5;43.76--MURSKA SOBOTA;0.25--PRIKLJUČEK MURSKA SOBOTA;0.2--BAKOVCI;0.37--SOBOŠKA ULICA;1.34--KROŠKA ULICA;0.18--MLADINSKA ULICA;0.02--PARTIZANSKA ULICA;0.02--MLADINSKA ULICA;0.07
SAUBERMACHER Komunala d.o.o. ZC Lenart,Spodnji Porčič 4 A,Lenart v Slovenskih Goricah,2230 Lenart v Slovenskih Goricah,PODRAVSKA,46.57701996;15.84697556,0,154.67,82,TRŽAŠKA CESTA;1.18--PRIKLJUČEK BREZOVICA;0.6--A1;1.83--A2;3.8--RAZCEP KOSEZE;0.2--LJUBLJANSKA SEVERNA OBVOZNICA;9.72--RAZCEP ZADOBROVA;0.86--A1;121.57--A5;10.95--LENART;0.18--PRIKLJUČEK LENART;0.07--LORMANJE;0.85--LENART V SLOV. GORICAH;0.16--MARIBORSKA CESTA;0.6--TRG OSVOBODITVE;0.05--KRAIGHERJEVA ULICA;0.92--GRADIŠKA CESTA;0.79--SPODNJI PORČIČ;0.34
SAUBERMACHER Komunala d.o.o. ZC Cankova,Korovci 47,Cankova,9261 Cankova,POMURSKA,46.73861281;15.99782593,0,191.99,113,TRŽAŠKA CESTA;1.18--PRIKLJUČEK BREZOVICA;0.6--A1;1.83--A2;3.8--RAZCEP KOSEZE;0.2--LJUBLJANSKA SEVERNA OBVOZNICA;9.72--RAZCEP ZADOBROVA;0.86--A1;121.57--A5;28.2--PRIKLJUČEK SV. JURIJ OB ŠČAVNICI;0.76--GRABONOŠ;1.24--OKOSLAVCI;2.32--KOCJAN;0.05--KAPELSKI VRH;0.02--KOCJAN;0.04--KAPELSKI VRH;1.6--PARIČJAK;1.16--RADENCI;0.54--KAPELSKA CESTA;1.02--LJUTOMERSKA CESTA;0.05--RADGONSKA CESTA;0.37--PANONSKA CESTA;0.72--PETANJCI;2.27--MURSKI PETROVCI;1.2--SODIŠINCI;1.14--GEDEROVCI;0.75--KRAJNA;1.15--SKAKOVCI;2.88--CANKOVA;2.65--KOROVCI;2.09
SAUBERMACHER Komunala d.o.o. ZC Grad,Vidonci,Vidonci,9264 Grad,POMURSKA,46.81708572;16.1267166,0,207.76,122,TRŽAŠKA CESTA;1.18--PRIKLJUČEK BREZOVICA;0.6--A1;1.83--A2;3.8--RAZCEP KOSEZE;0.2--LJUBLJANSKA SEVERNA OBVOZNICA;9.72--RAZCEP ZADOBROVA;0.86--A1;121.57--A5;43.76--MURSKA SOBOTA;0.25--PRIKLJUČEK MURSKA SOBOTA;0.2--BAKOVCI;0.36--;0.46--BAKOVSKA ULICA;2.14--GREGORČIČEVA ULICA;0.13--CANKARJEVA ULICA;0.03--PANONSKA ULICA;0.24--INDUSTRIJSKA ULICA;0.99--LENDAVSKA ULICA;0.47--OBRTNA ULICA;0.01--NEMČAVCI;3.03--PUCONCI;0.3--SEBEBORCI;2.19--VANEČA;3.12--MOŠČANCI;1.45--DANKOVCI;2.6--MAČKOVCI;1.94--;2.46--OTOVCI;0.35--VIDONCI;1.51
Simbio d.o.o,Braslovče,Braslovče,3314 Braslovče,SAVINJSKA,46.28840222;15.03851173,0,72.79,42,TRŽAŠKA CESTA;1.18--PRIKLJUČEK BREZOVICA;0.6--A1;1.83--A2;3.8--RAZCEP KOSEZE;0.2--LJUBLJANSKA SEVERNA OBVOZNICA;9.72--RAZCEP ZADOBROVA;0.86--A1;49.72--ŠENTRUPERT;0.29--ORLA VAS;0.24--TRNAVA;0.79--ORLA VAS;0.32--TOPOVLJE;0.92--PARIŽLJE;0.46--RAKOVLJE;1.41--BRASLOVČE;0.46
Simbio d.o.o,Bukovžlak 30,Celje,3000 Celje,SAVINJSKA,46.23968234;15.32083902,0,90.29,50,TRŽAŠKA CESTA;1.18--PRIKLJUČEK BREZOVICA;0.6--A1;1.83--A2;3.8--RAZCEP KOSEZE;0.2--LJUBLJANSKA SEVERNA OBVOZNICA;9.72--RAZCEP ZADOBROVA;0.86--A1;69.12--CELJE - VZHOD;0.23--LESKOVEC;0.78--ZAČRET;0.7--BUKOVŽLAK;1.25
Simbio d.o.o,Polzela,Polzela,3313 Polzela,SAVINJSKA,46.28082723;15.07393176,0,72.64,42,TRŽAŠKA CESTA;1.18--PRIKLJUČEK BREZOVICA;0.6--A1;1.83--A2;3.8--RAZCEP KOSEZE;0.2--LJUBLJANSKA SEVERNA OBVOZNICA;9.72--RAZCEP ZADOBROVA;0.86--A1;49.72--ŠENTRUPERT;0.29--ORLA VAS;0.24--TRNAVA;0.79--ORLA VAS;0.32--TOPOVLJE;0.92--PARIŽLJE;1.0--POLZELA;0.09--MALTEŠKA CESTA;0.27--VRTNA ULICA;0.15--OB STRUGI;0.41--POD GORICO;0.17--GRAJSKI TRG;0.04--MALTEŠKA CESTA;0.04
Simbio d.o.o,Prebold,Prebold,3312 Prebold,SAVINJSKA,46.23699808;15.09189558,0,72.38,42,TRŽAŠKA CESTA;1.18--PRIKLJUČEK BREZOVICA;0.6--A1;1.83--A2;3.8--RAZCEP KOSEZE;0.2--LJUBLJANSKA SEVERNA OBVOZNICA;9.72--RAZCEP ZADOBROVA;0.86--A1;49.72--ŠENTRUPERT;0.29--ORLA VAS;0.21--ŠENTRUPERT;0.81--LATKOVA VAS;2.08--DOLENJA VAS;0.53--HMELJARSKA CESTA;0.32--GRAŠČINSKA CESTA;0.14--NA ZELENICI;0.07
Simbio d.o.o,Celjska cesta 55,Vojnik,3212 Vojnik,SAVINJSKA,46.22866517;15.50418024,0,109.26,65,TRŽAŠKA CESTA;1.18--PRIKLJUČEK BREZOVICA;0.6--A1;1.83--A2;3.8--RAZCEP KOSEZE;0.2--LJUBLJANSKA SEVERNA OBVOZNICA;9.72--RAZCEP ZADOBROVA;0.86--A1;75.43--DRAMLJE;0.2--PRIKLJUČEK DRAMLJE;0.11--LAZE PRI DRAMLJAH;0.42--TRNOVEC PRI DRAMLJAH;0.79--DOLE;1.83--LOKARJE;1.04--ŠENTJUR;1.38--PREŠERNOVA ULICA;0.27--TRUBARJEVA ULICA;0.07--CESTA KOZJANSKEGA ODREDA;0.48--CESTA NA KMETIJSKO ŠOLO;1.12--BEZOVJE PRI ŠENTJURJU;0.38--STOPČE;1.07--GROBELNO - DEL;1.97--ZAVRŠE PRI GROBELNEM;0.08--ŠENTVID PRI GROBELNEM;1.28--BODRIŠNA VAS;1.3--SENOVICA;1.23--ZADRŽE;0.25--CELJSKA CESTA;0.36
Simbio d.o.o,Vransko 66,Vransko,3305 Vransko,SAVINJSKA,46.24559732;14.95370319,0,62.16,35,TRŽAŠKA CESTA;1.18--PRIKLJUČEK BREZOVICA;0.6--A1;1.83--A2;3.8--RAZCEP KOSEZE;0.2--LJUBLJANSKA SEVERNA OBVOZNICA;9.72--RAZCEP ZADOBROVA;0.86--A1;41.96--VRANSKO;0.18--PRIKLJUČEK VRANSKO;0.12--ČEPLJE;0.31--BRODE;0.55--VRANSKO;0.84
Simbio d.o.o,Ulica Nade Cilenšek 5,Žalec,3310 Žalec,SAVINJSKA,46.25017691;15.16803087,0,76.08,45,TRŽAŠKA CESTA;1.18--PRIKLJUČEK BREZOVICA;0.6--A1;1.83--A2;3.8--RAZCEP KOSEZE;0.2--LJUBLJANSKA SEVERNA OBVOZNICA;9.72--RAZCEP ZADOBROVA;0.86--A1;51.87--ŠEMPETER;0.27--LOČICA OB SAVINJI;0.15--RIMSKA CESTA;3.29--ŽALEC;0.39--SAVINJSKA CESTA;1.49--ULICA SAVINJSKE ČETE;0.08--PEČNIKOVA ULICA;0.19--ULICA IVANKE URANJEK;0.05--ULICA NADE CILENŠEK;0.1
SNAGA JP Maribor d.o.o.,Lovrenc na Pohorju,Lovrenc na Pohorju,2344 Lovrenc na Pohorju,PODRAVSKA,46.53805702;15.38431101,0,163.59,97,TRŽAŠKA CESTA;1.18--PRIKLJUČEK BREZOVICA;0.6--A1;1.83--A2;3.8--RAZCEP KOSEZE;0.2--LJUBLJANSKA SEVERNA OBVOZNICA;9.72--RAZCEP ZADOBROVA;0.86--A1;108.26--A4;0.12--RAZCEP SLIVNICA;0.8--SLIVNICA PRI MARIBORU;0.36--SPODNJE HOČE;2.33--BOHOVA;0.95--TRŽAŠKA CESTA;2.72--PTUJSKA CESTA;0.01--CESTA PROLETARSKIH BRIGAD;1.98--BOROVA VAS;0.69--ULICA HEROJA ŠERCERJA;1.13--KOROŠKI MOST;0.27--MARIBOR;0.18--GOSPOSVETSKA CESTA;0.45--KOROŠKA CESTA;1.34--CELOVŠKA CESTA;2.96--MARIBORSKA CESTA;1.4--SREDNJE;0.17--SPODNJI SLEMEN;3.01--ZGORNJA SELNICA;0.16--SPODNJA SELNICA;0.06--ZGORNJA SELNICA;0.65--MARIBORSKA CESTA;1.77--ČREŠNJEVEC OB DRAVI;0.16--JANŽEVA GORA;0.19--ČREŠNJEVEC OB DRAVI;0.08--JANŽEVA GORA;0.24--ČREŠNJEVEC OB DRAVI;0.61--JANŽEVA GORA;0.41--FALA;0.2--ZGORNJI BOČ;3.57--VURMAT - DEL;3.25--PUŠČAVA;2.34--MARIBORSKA CESTA;1.49--SPODNJI TRG;0.64--GORNJI TRG;0.41--VRTNA ULICA;0.03
SNAGA JP Maribor d.o.o.,Streliška cesta,Maribor,2000 Maribor,PODRAVSKA,46.53667007;15.62039463,0,134.89,73,TRŽAŠKA CESTA;1.18--PRIKLJUČEK BREZOVICA;0.6--A1;1.83--A2;3.8--RAZCEP KOSEZE;0.2--LJUBLJANSKA SEVERNA OBVOZNICA;9.72--RAZCEP ZADOBROVA;0.86--A1;108.26--A4;0.12--RAZCEP SLIVNICA;0.8--SLIVNICA PRI MARIBORU;0.36--SPODNJE HOČE;2.33--BOHOVA;0.95--TRŽAŠKA CESTA;1.07--RAZVANJE;0.04--;0.81--RAZVANJSKA CESTA;0.06--STRELIŠKA CESTA;0.06--RAZVANJSKA CESTA;0.1--STRELIŠKA CESTA;1.65--ULICA POHORSKEGA ODREDA;0.07
SNAGA JP Maribor d.o.o.,Plinarniška ulica 31,Maribor,2000 Maribor,PODRAVSKA,46.5576464;15.65672286,0,136.48,74,TRŽAŠKA CESTA;1.18--PRIKLJUČEK BREZOVICA;0.6--A1;1.83--A2;3.8--RAZCEP KOSEZE;0.2--LJUBLJANSKA SEVERNA OBVOZNICA;9.72--RAZCEP ZADOBROVA;0.86--A1;108.26--A4;0.12--RAZCEP SLIVNICA;0.8--SLIVNICA PRI MARIBORU;0.36--SPODNJE HOČE;2.33--BOHOVA;0.95--TRŽAŠKA CESTA;3.04--TITOVA CESTA;1.76--ULICA HEROJA BRAČIČA;0.11--VOŠNJAKOVA ULICA;0.08--ULICA KNEZA KOCLJA;0.26--ULICA HEROJA ŠARANOVIČA;0.04--PLINARNIŠKA ULICA;0.17
SNAGA JP Maribor d.o.o.,Lahova ulica,Maribor,2000 Maribor,PODRAVSKA,46.52964573;15.66337148,0,134.44,71,TRŽAŠKA CESTA;1.18--PRIKLJUČEK BREZOVICA;0.6--A1;1.83--A2;3.8--RAZCEP KOSEZE;0.2--LJUBLJANSKA SEVERNA OBVOZNICA;9.72--RAZCEP ZADOBROVA;0.86--A1;113.37--MARIBOR - CENTER;0.23--PRIKLJUČEK PTUJSKA CESTA;0.2--PTUJSKA CESTA;1.75--ULICA HEROJA NANDETA;0.01--SLIVNIŠKA ULICA;0.12--KAVČIČEVA ULICA;0.26--VOLODJEVA ULICA;0.25--BABNIKOVA ULICA;0.03--LAHOVA ULICA;0.03
SNAGA JP Maribor d.o.o.,Ruše,Ruše,2342 Ruše,PODRAVSKA,46.53853139;15.51534215,0,146.06,84,TRŽAŠKA CESTA;1.18--PRIKLJUČEK BREZOVICA;0.6--A1;1.83--A2;3.8--RAZCEP KOSEZE;0.2--LJUBLJANSKA SEVERNA OBVOZNICA;9.72--RAZCEP ZADOBROVA;0.86--A1;108.26--A4;0.12--RAZCEP SLIVNICA;0.8--SLIVNICA PRI MARIBORU;0.36--SPODNJE HOČE;2.33--BOHOVA;0.95--TRŽAŠKA CESTA;2.72--PTUJSKA CESTA;0.01--CESTA PROLETARSKIH BRIGAD;1.98--BOROVA VAS;0.69--ULICA HEROJA ŠERCERJA;0.22--ŠARHOVA ULICA;0.6--KAMENŠKOVA ULICA;0.1--ERJAVČEVA ULICA;0.52--LIMBUŠKA CESTA;2.91--LAZNICA;1.19--RUŠKA CESTA;1.78--BEZENA;1.04--MARIBORSKA CESTA;1.28
SNAGA JP Maribor d.o.o.,Zgornja Kungota,Zgornja Kungota,2201 Kungota,PODRAVSKA,46.63880694;15.61399471,0,149.88,81,TRŽAŠKA CESTA;1.18--PRIKLJUČEK BREZOVICA;0.6--A1;1.83--A2;3.8--RAZCEP KOSEZE;0.2--LJUBLJANSKA SEVERNA OBVOZNICA;9.72--RAZCEP ZADOBROVA;0.86--A1;123.43--MARIBOR - SEVER;0.28--RONDO PESNICA;0.34--DOLNJA POČEHOVA;0.29--PESNICA;0.11--PRIKLJUČEK PESNICA;0.04--ŠENTILJSKA CESTA;0.25--DOLNJA POČEHOVA;1.35--ROŠPOH - DEL;1.29--PESNICA;0.01--KOZJAK NAD PESNICO;1.04--GRADIŠKA;0.56--KOZJAK NAD PESNICO;1.27--PLINTOVEC;1.21--ZGORNJA KUNGOTA;0.23
